participant_id,program_id,sessions_total,sessions_attended,first_session,last_session,avg_satisfaction,avg_nps,survey_responses,last_survey,pre_score,post_score,city,email,attendance_rate,outcome_delta
P-000001,PRG-001,1.0,1.0,2026-01-30,2026-01-30,,,,,42.7,56.2,New York,,1.0,13.5
P-000001,PRG-002,1.0,1.0,2026-01-25,2026-01-25,,,,,,,,,1.0,
P-000001,PRG-003,2.0,1.0,2026-01-20,2026-01-30,1.0,7.0,1.0,2026-02-07,,,,,0.5,
P-000002,PRG-001,1.0,1.0,2026-01-15,2026-01-15,3.6666666666666665,3.0,3.0,2026-02-05,45.3,,Boston,user2@example.org,1.0,
P-000002,PRG-002,1.0,1.0,2026-01-25,2026-01-25,2.5,6.5,2.0,2026-02-07,56.0,64.9,Chicago,user2@example.org,1.0,8.900000000000006
P-000002,PRG-003,3.0,1.0,2026-01-20,2026-01-25,,,,,,,Boston,user2@example.org,0.3333333333333333,
P-000003,PRG-001,,,,,3.0,3.0,1.0,2026-02-01,56.3,62.4,New York,user3@example.org,,6.100000000000001
P-000003,PRG-003,1.0,1.0,2026-01-15,2026-01-15,,,,,,,New York,user3@example.org,1.0,
P-000004,PRG-001,2.0,2.0,2026-01-25,2026-01-25,4.0,2.0,1.0,2026-02-05,,,Chicago,user4@example.org,1.0,
P-000004,PRG-002,,,,,3.0,4.0,1.0,2026-02-01,,,Chicago,user4@example.org,,
P-000004,PRG-003,1.0,1.0,2026-01-25,2026-01-25,2.0,10.0,1.0,2026-02-07,68.4,56.2,Chicago,user4@example.org,1.0,-12.200000000000003
P-000005,PRG-001,2.0,0.0,2026-01-30,2026-01-30,4.0,5.0,3.0,2026-02-05,34.8,56.2,New York,user5@example.org,0.0,21.400000000000006
P-000005,PRG-002,1.0,0.0,2026-01-20,2026-01-20,,,,,,,New York,user5@example.org,0.0,
P-000006,PRG-001,1.0,0.0,2026-01-30,2026-01-30,2.0,5.0,1.0,2026-02-05,,,New York,user6@example.org,0.0,
P-000006,PRG-003,2.0,1.0,2026-01-15,2026-01-25,,,,,,,New York,user6@example.org,0.5,
P-000007,PRG-003,2.0,1.0,2026-01-20,2026-01-25,1.0,8.0,1.0,2026-02-03,,,Boston,user7@example.org,0.5,
P-000008,PRG-001,2.0,0.0,2026-01-25,2026-01-30,1.0,7.0,1.0,2026-02-03,,,,user8@example.org,0.0,
P-000008,PRG-003,2.0,1.0,2026-01-20,2026-01-25,,,,,48.9,49.7,New York,user8@example.org,0.5,0.8000000000000043
P-000009,PRG-001,1.0,0.0,2026-01-15,2026-01-15,2.75,4.75,3.0,2026-02-07,,,New York,user9@example.org,0.0,
P-000009,PRG-002,2.0,0.0,2026-01-20,2026-01-25,1.0,3.0,1.0,2026-02-01,66.2,57.5,Chicago,user9@example.org,0.0,-8.700000000000003
P-000009,PRG-003,1.0,1.0,2026-01-25,2026-01-25,,,,,54.6,44.3,New York,user9@example.org,1.0,-10.300000000000004
P-000010,PRG-001,3.0,2.0,2026-01-20,2026-01-25,,,,,60.5,64.6,New York,user10@example.org,0.6666666666666666,4.099999999999994
P-000010,PRG-002,2.0,1.0,2026-01-15,2026-01-20,5.0,1.0,1.0,2026-02-01,62.2,71.2,New York,user10@example.org,0.5,9.0
P-000010,PRG-003,2.0,2.0,2026-01-25,2026-01-30,,,,,48.2,67.3,Boston,user10@example.org,1.0,19.099999999999994
P-000011,PRG-001,1.0,1.0,2026-01-30,2026-01-30,3.3333333333333335,4.333333333333333,2.0,2026-02-07,,,Chicago,user11@example.org,1.0,
P-000011,PRG-002,,,,,3.0,9.0,1.0,2026-02-01,46.4,65.3,Chicago,user11@example.org,,18.9
P-000011,PRG-003,,,,,4.0,10.0,1.0,2026-02-01,59.5,62.6,New York,user11@example.org,,3.1000000000000014
P-000012,PRG-001,,,,,2.5,9.0,2.0,2026-02-05,70.2,85.6,Chicago,user12@example.org,,15.399999999999991
P-000012,PRG-002,2.0,1.0,2026-01-15,2026-01-25,,,,,,,New York,user12@example.org,0.5,
P-000013,PRG-001,1.0,1.0,2026-01-25,2026-01-25,1.5,1.5,1.0,2026-02-05,,,,,1.0,
P-000013,PRG-002,,,,,5.0,9.0,0.0,,,,,,,
P-000014,PRG-001,,,,,2.0,3.5,2.0,2026-02-01,,,,,,
P-000014,PRG-002,4.0,2.0,2026-01-15,2026-01-30,,,,,59.3,40.5,,,0.5,-18.799999999999997
P-000014,PRG-003,2.0,0.0,2026-01-25,2026-01-30,,,,,,,,,0.0,
P-000015,PRG-001,1.0,1.0,2026-01-20,2026-01-20,,,,,,,,,1.0,
P-000015,PRG-002,3.0,1.0,2026-01-15,2026-01-20,,,,,,,,,0.3333333333333333,
P-000015,PRG-003,1.0,1.0,2026-01-30,2026-01-30,,4.0,1.0,2026-02-05,35.8,34.5,Boston,,1.0,-1.2999999999999972
P-000016,PRG-001,1.0,1.0,2026-01-15,2026-01-15,3.0,6.0,1.0,2026-02-03,,,Chicago,user16@example.org,1.0,
P-000016,PRG-002,1.0,1.0,2026-01-30,2026-01-30,4.0,6.0,1.0,2026-02-03,,,Chicago,user16@example.org,1.0,
P-000016,PRG-003,1.0,0.0,2026-01-30,2026-01-30,1.0,3.0,1.0,2026-02-05,,,Chicago,user16@example.org,0.0,
P-000017,PRG-002,1.0,1.0,2026-01-15,2026-01-15,,,,,,,Boston,user17@example.org,1.0,
P-000017,PRG-003,2.0,1.0,2026-01-20,2026-01-30,,,,,,,Boston,user17@example.org,0.5,
P-000018,PRG-001,,,,,4.0,7.0,1.0,2026-02-05,46.1,53.8,Chicago,user18@example.org,,7.699999999999996
P-000018,PRG-002,2.0,1.0,2026-01-20,2026-01-25,,,,,,,Brooklyn,user18@example.org,0.5,
P-000018,PRG-003,2.0,2.0,2026-01-20,2026-01-30,5.0,9.0,0.0,,,,Brooklyn,user18@example.org,1.0,
P-000019,PRG-001,1.0,0.0,2026-01-15,2026-01-15,,,,,44.6,48.4,Chicago,,0.0,3.799999999999997
P-000019,PRG-002,,,,,1.0,0.0,1.0,2026-02-03,,,,,,
P-000019,PRG-003,3.0,1.0,2026-01-25,2026-01-30,5.0,3.0,2.0,2026-02-07,,,,,0.3333333333333333,
P-000020,PRG-001,3.0,1.0,2026-01-15,2026-01-15,4.333333333333333,7.333333333333333,3.0,2026-02-05,,,New York,user20@example.org,0.3333333333333333,
P-000020,PRG-002,,,,,3.5,6.333333333333333,3.0,2026-02-03,,,New York,user20@example.org,,
P-000021,PRG-001,2.0,1.0,2026-01-20,2026-01-25,3.6666666666666665,5.0,3.0,2026-02-07,,,Boston,user21@example.org,0.5,
P-000021,PRG-002,2.0,2.0,2026-01-20,2026-01-25,3.5,5.5,2.0,2026-02-05,49.6,66.0,Chicago,user21@example.org,1.0,16.4
P-000021,PRG-003,3.0,2.0,2026-01-20,2026-01-30,,,,,39.6,57.3,Chicago,user21@example.org,0.6666666666666666,17.699999999999996
P-000022,PRG-001,1.0,1.0,2026-01-30,2026-01-30,2.5,3.0,2.0,2026-02-05,,,New York,user22@example.org,1.0,
P-000022,PRG-002,1.0,0.0,2026-01-20,2026-01-20,,,,,,,New York,user22@example.org,0.0,
P-000022,PRG-003,4.0,1.0,2026-01-20,2026-01-30,3.0,8.0,1.0,2026-02-01,,,New York,user22@example.org,0.25,
P-000023,PRG-001,2.0,1.0,2026-01-20,2026-01-25,2.0,6.0,4.0,2026-02-07,,,Boston,user23@example.org,0.5,
P-000023,PRG-002,2.0,1.0,2026-01-30,2026-01-30,2.0,5.5,2.0,2026-02-05,45.0,58.1,Boston,user23@example.org,0.5,13.100000000000001
P-000023,PRG-003,,,,,2.0,1.0,1.0,2026-02-01,57.2,56.6,Chicago,user23@example.org,,-0.6000000000000014
P-000024,PRG-001,,,,,5.0,0.0,1.0,2026-02-01,,,Boston,user24@example.org,,
P-000024,PRG-002,1.0,1.0,2026-01-30,2026-01-30,,,,,,,Boston,user24@example.org,1.0,
P-000024,PRG-003,1.0,0.0,2026-01-25,2026-01-25,,,,,49.4,64.5,Chicago,user24@example.org,0.0,15.100000000000001
P-000025,PRG-001,2.0,1.0,2026-01-15,2026-01-20,1.0,6.0,1.0,2026-02-01,,,Chicago,user25@example.org,0.5,
P-000025,PRG-002,1.0,0.0,2026-01-15,2026-01-15,,,,,,,Chicago,user25@example.org,0.0,
P-000025,PRG-003,,,,,2.0,1.0,1.0,2026-02-03,31.4,50.9,New York,user25@example.org,,19.5
P-000026,PRG-001,,,,,3.0,7.0,1.0,2026-02-01,,,New York,user26@example.org,,
P-000026,PRG-002,1.0,1.0,2026-01-25,2026-01-25,3.0,8.0,2.0,2026-02-07,53.9,60.9,Chicago,user26@example.org,1.0,7.0
P-000026,PRG-003,2.0,2.0,2026-01-20,2026-01-20,,,,,,,New York,user26@example.org,1.0,
P-000027,PRG-002,,,,,3.0,7.0,0.0,,,,Boston,user27@example.org,,
P-000027,PRG-003,1.0,0.0,2026-01-25,2026-01-25,4.0,0.0,1.0,2026-02-07,,,Boston,user27@example.org,0.0,
P-000028,PRG-001,1.0,1.0,2026-01-15,2026-01-15,4.0,1.0,1.0,2026-02-03,,,Chicago,user28@example.org,1.0,
P-000028,PRG-002,1.0,0.0,2026-01-25,2026-01-25,1.0,5.5,2.0,2026-02-01,,,Chicago,user28@example.org,0.0,
P-000028,PRG-003,4.0,2.0,2026-01-20,2026-01-30,5.0,7.0,1.0,2026-02-03,,,Chicago,user28@example.org,0.5,
P-000029,PRG-002,2.0,2.0,2026-01-15,2026-01-30,2.5,6.5,2.0,2026-02-03,,,Chicago,,1.0,
P-000029,PRG-003,1.0,1.0,2026-01-25,2026-01-25,,,,,40.4,62.3,Boston,,1.0,21.9
P-000030,PRG-002,1.0,0.0,2026-01-20,2026-01-20,3.0,4.0,2.0,2026-02-07,49.9,54.0,Chicago,user30@example.org,0.0,4.100000000000001
P-000030,PRG-003,1.0,1.0,2026-01-20,2026-01-20,,,,,37.0,51.6,Boston,user30@example.org,1.0,14.600000000000001
P-000031,PRG-001,3.0,2.0,2026-01-15,2026-01-30,2.0,3.3333333333333335,3.0,2026-02-07,,,New York,user31@example.org,0.6666666666666666,
P-000031,PRG-003,2.0,2.0,2026-01-15,2026-01-25,3.5,3.5,2.0,2026-02-07,,,New York,user31@example.org,1.0,
P-000032,PRG-001,,,,,3.0,3.0,2.0,2026-02-05,,,,user32@example.org,,
P-000032,PRG-002,1.0,1.0,2026-01-25,2026-01-25,3.5,5.0,2.0,2026-02-05,,,,user32@example.org,1.0,
P-000032,PRG-003,3.0,1.0,2026-01-20,2026-01-25,5.0,3.0,1.0,2026-02-03,,,,user32@example.org,0.3333333333333333,
P-000033,PRG-001,3.0,0.0,2026-01-15,2026-01-25,3.0,6.0,1.0,2026-02-05,,,New York,user33@example.org,0.0,
P-000033,PRG-002,,,,,2.0,3.0,2.0,2026-02-03,,,New York,user33@example.org,,
P-000033,PRG-003,1.0,1.0,2026-01-30,2026-01-30,,,,,,,New York,user33@example.org,1.0,
P-000034,PRG-001,3.0,1.0,2026-01-15,2026-01-30,2.0,8.0,0.0,,,,Chicago,user34@example.org,0.3333333333333333,
P-000034,PRG-002,1.0,1.0,2026-01-25,2026-01-25,,,,,,,Chicago,user34@example.org,1.0,
P-000034,PRG-003,2.0,2.0,2026-01-20,2026-01-20,,,,,,,Chicago,user34@example.org,1.0,
P-000035,PRG-001,1.0,1.0,2026-01-30,2026-01-30,3.0,0.0,1.0,2026-02-05,51.7,60.3,Boston,user35@example.org,1.0,8.599999999999994
P-000035,PRG-002,1.0,0.0,2026-01-15,2026-01-15,,,,,21.7,45.2,Chicago,user35@example.org,0.0,23.500000000000004
P-000035,PRG-003,1.0,1.0,2026-01-20,2026-01-20,,,,,,,New York,user35@example.org,1.0,
P-000036,PRG-001,1.0,1.0,2026-01-20,2026-01-20,3.5,6.0,2.0,2026-02-07,71.7,49.6,Chicago,,1.0,-22.1
P-000036,PRG-003,3.0,2.0,2026-01-25,2026-01-30,2.0,10.0,1.0,2026-02-05,,,,,0.6666666666666666,
P-000037,PRG-001,1.0,0.0,2026-01-25,2026-01-25,1.5,3.5,2.0,2026-02-07,,,Brooklyn,user37@example.org,0.0,
P-000037,PRG-002,1.0,1.0,2026-01-30,2026-01-30,1.0,6.0,1.0,2026-02-07,49.7,57.1,Boston,user37@example.org,1.0,7.399999999999999
P-000037,PRG-003,2.0,2.0,2026-01-20,2026-01-30,,,,,,,Brooklyn,user37@example.org,1.0,
P-000038,PRG-001,1.0,0.0,2026-01-15,2026-01-15,3.0,9.0,1.0,2026-02-05,,,New York,,0.0,
P-000038,PRG-003,2.0,0.0,2026-01-20,2026-01-20,,,,,46.1,51.2,Chicago,,0.0,5.100000000000001
P-000039,PRG-001,1.0,1.0,2026-01-30,2026-01-30,5.0,6.0,1.0,2026-02-07,61.1,52.6,Chicago,user39@example.org,1.0,-8.5
P-000039,PRG-002,,,,,3.0,3.0,2.0,2026-02-05,50.1,,Boston,user39@example.org,,
P-000039,PRG-003,2.0,1.0,2026-01-20,2026-01-30,,,,,,,Boston,user39@example.org,0.5,
P-000040,PRG-001,2.0,0.0,2026-01-20,2026-01-25,1.0,1.0,1.0,2026-02-03,,,Boston,user40@example.org,0.0,
P-000040,PRG-002,1.0,0.0,2026-01-30,2026-01-30,3.5,1.0,2.0,2026-02-05,,,Boston,user40@example.org,0.0,
P-000041,PRG-001,2.0,0.0,2026-01-15,2026-01-15,3.0,2.0,1.0,2026-02-05,41.4,54.2,Boston,,0.0,12.800000000000004
P-000041,PRG-003,4.0,4.0,2026-01-15,2026-01-20,1.0,3.0,1.0,2026-02-01,,,,,1.0,
P-000042,PRG-001,,,,,3.25,1.75,4.0,2026-02-05,49.3,60.8,Boston,user42@example.org,,11.5
P-000042,PRG-002,2.0,0.0,2026-01-20,2026-01-30,,,,,30.3,47.9,Chicago,user42@example.org,0.0,17.599999999999998
P-000042,PRG-003,3.0,2.0,2026-01-15,2026-01-20,,,,,38.4,40.8,New York,user42@example.org,0.6666666666666666,2.3999999999999986
P-000043,PRG-001,3.0,1.0,2026-01-15,2026-01-20,3.75,7.5,2.0,2026-02-05,,,Chicago,user43@example.org,0.3333333333333333,
P-000043,PRG-002,2.0,1.0,2026-01-15,2026-01-30,1.5,6.0,0.0,,,,Chicago,user43@example.org,0.5,
P-000043,PRG-003,2.0,2.0,2026-01-15,2026-01-15,,,,,,,Chicago,user43@example.org,1.0,
P-000044,PRG-001,,,,,1.0,6.0,1.0,2026-02-01,,,New York,user44@example.org,,
P-000044,PRG-002,2.0,1.0,2026-01-30,2026-01-30,4.0,8.0,0.0,,,,New York,user44@example.org,0.5,
P-000044,PRG-003,1.0,0.0,2026-01-20,2026-01-20,,,,,,,New York,user44@example.org,0.0,
P-000045,PRG-001,1.0,0.0,2026-01-25,2026-01-25,4.0,5.5,2.0,2026-02-03,,,Boston,user45@example.org,0.0,
P-000045,PRG-002,,,,,3.5,5.0,1.0,2026-02-01,57.1,53.4,New York,user45@example.org,,-3.700000000000003
P-000045,PRG-003,1.0,0.0,2026-01-20,2026-01-20,,,,,,,Boston,user45@example.org,0.0,
P-000046,PRG-001,,,,,2.0,6.0,2.0,2026-02-05,55.4,52.9,New York,,,-2.5
P-000046,PRG-002,5.0,5.0,2026-01-20,2026-01-30,2.5,7.5,2.0,2026-02-07,38.5,67.0,New York,,1.0,28.5
P-000046,PRG-003,1.0,1.0,2026-01-15,2026-01-15,5.0,1.0,1.0,2026-02-01,49.9,57.8,Boston,,1.0,7.899999999999999
P-000047,PRG-001,1.0,0.0,2026-01-15,2026-01-15,4.0,8.0,1.0,2026-02-03,54.6,45.6,Boston,user47@example.org,0.0,-9.0
P-000047,PRG-002,1.0,1.0,2026-01-20,2026-01-20,2.5,4.0,2.0,2026-02-07,,,Boston,user47@example.org,1.0,
P-000047,PRG-003,2.0,2.0,2026-01-25,2026-01-25,4.0,2.0,1.0,2026-02-05,,,Boston,user47@example.org,1.0,
P-000048,PRG-001,1.0,0.0,2026-01-30,2026-01-30,1.5,4.0,2.0,2026-02-07,,,Brooklyn,user48@example.org,0.0,
P-000048,PRG-002,1.0,1.0,2026-01-15,2026-01-15,4.0,3.0,1.0,2026-02-03,47.3,37.1,Chicago,user48@example.org,1.0,-10.199999999999996
P-000048,PRG-003,4.0,2.0,2026-01-15,2026-01-30,3.0,5.0,1.0,2026-02-07,,,Brooklyn,user48@example.org,0.5,
P-000049,PRG-001,,,,,1.0,2.0,1.0,2026-02-01,44.9,50.2,Boston,user49@example.org,,5.300000000000004
P-000049,PRG-002,1.0,0.0,2026-01-30,2026-01-30,5.0,10.0,0.0,,,,Boston,user49@example.org,0.0,
P-000049,PRG-003,1.0,1.0,2026-01-25,2026-01-25,3.0,3.5,1.0,2026-02-01,54.3,84.0,New York,user49@example.org,1.0,29.700000000000003
P-000050,PRG-001,1.0,1.0,2026-01-25,2026-01-25,3.5,6.0,2.0,2026-02-05,,,Chicago,user50@example.org,1.0,
P-000050,PRG-002,1.0,1.0,2026-01-25,2026-01-25,,,,,,,Chicago,user50@example.org,1.0,
P-000050,PRG-003,2.0,1.0,2026-01-20,2026-01-20,5.0,8.0,1.0,2026-02-05,37.0,44.6,Chicago,user50@example.org,0.5,7.600000000000001
P-000051,PRG-001,2.0,1.0,2026-01-20,2026-01-25,4.5,8.0,1.0,2026-02-01,32.1,55.0,New York,user51@example.org,0.5,22.9
P-000051,PRG-002,2.0,1.0,2026-01-25,2026-01-30,3.0,7.5,2.0,2026-02-01,,,Chicago,user51@example.org,0.5,
P-000051,PRG-003,3.0,1.0,2026-01-15,2026-01-25,1.0,3.0,1.0,2026-02-03,,,Chicago,user51@example.org,0.3333333333333333,
P-000052,PRG-001,,,,,4.0,10.0,2.0,2026-02-03,,,Chicago,user52@example.org,,
P-000052,PRG-002,,,,,3.0,4.5,2.0,2026-02-05,40.8,59.7,Boston,user52@example.org,,18.900000000000006
P-000052,PRG-003,1.0,1.0,2026-01-20,2026-01-20,,,,,,,Chicago,user52@example.org,1.0,
P-000053,PRG-001,3.0,2.0,2026-01-15,2026-01-30,1.0,4.0,1.0,2026-02-01,,,New York,user53@example.org,0.6666666666666666,
P-000053,PRG-002,1.0,1.0,2026-01-15,2026-01-15,2.0,4.0,2.0,2026-02-05,,,New York,user53@example.org,1.0,
P-000053,PRG-003,1.0,1.0,2026-01-15,2026-01-15,,,,,,,New York,user53@example.org,1.0,
P-000054,PRG-001,1.0,1.0,2026-01-30,2026-01-30,2.0,10.0,1.0,2026-02-05,,,,,1.0,
P-000054,PRG-003,2.0,1.0,2026-01-15,2026-01-25,,,,,,,,,0.5,
P-000055,PRG-001,1.0,1.0,2026-01-15,2026-01-15,1.0,2.0,1.0,2026-02-07,44.4,53.1,New York,,1.0,8.700000000000003
P-000055,PRG-002,1.0,0.0,2026-01-20,2026-01-20,,,,,,,,,0.0,
P-000055,PRG-003,1.0,0.0,2026-01-30,2026-01-30,4.0,4.5,2.0,2026-02-07,,,,,0.0,
P-000056,PRG-001,1.0,0.0,2026-01-25,2026-01-25,3.25,5.0,4.0,2026-02-03,,,New York,user56@example.org,0.0,
P-000056,PRG-002,3.0,3.0,2026-01-20,2026-01-30,2.6666666666666665,6.333333333333333,3.0,2026-02-07,,,New York,user56@example.org,1.0,
P-000056,PRG-003,1.0,1.0,2026-01-20,2026-01-20,,,,,,,New York,user56@example.org,1.0,
P-000057,PRG-001,1.0,1.0,2026-01-25,2026-01-25,4.0,6.0,1.0,2026-02-03,52.5,50.4,New York,,1.0,-2.1000000000000014
P-000057,PRG-002,1.0,1.0,2026-01-30,2026-01-30,,,,,,,,,1.0,
P-000057,PRG-003,3.0,1.0,2026-01-15,2026-01-30,3.0,9.0,1.0,2026-02-05,,,,,0.3333333333333333,
P-000058,PRG-001,,,,,4.0,10.0,1.0,2026-02-01,62.8,36.2,Chicago,user58@example.org,,-26.599999999999994
P-000058,PRG-003,3.0,2.0,2026-01-15,2026-01-30,,,,,,,,user58@example.org,0.6666666666666666,
P-000059,PRG-001,,,,,2.0,6.0,3.0,2026-02-05,,,Chicago,user59@example.org,,
P-000059,PRG-003,3.0,3.0,2026-01-25,2026-01-30,1.0,3.0,1.0,2026-02-05,,,Chicago,user59@example.org,1.0,
P-000060,PRG-001,,,,,5.0,0.0,1.0,2026-02-07,,,Boston,user60@example.org,,
P-000060,PRG-002,,,,,1.0,5.0,1.0,2026-02-05,,,Boston,user60@example.org,,
P-000060,PRG-003,,,,,2.0,6.0,1.0,2026-02-05,,,Boston,user60@example.org,,
P-000061,PRG-001,1.0,0.0,2026-01-15,2026-01-15,3.3333333333333335,4.25,4.0,2026-02-03,,,Brooklyn,user61@example.org,0.0,
P-000061,PRG-002,1.0,1.0,2026-01-20,2026-01-20,1.0,6.0,1.0,2026-02-05,,,Brooklyn,user61@example.org,1.0,
P-000061,PRG-003,2.0,2.0,2026-01-15,2026-01-30,,,,,,,Brooklyn,user61@example.org,1.0,
P-000062,PRG-001,1.0,0.0,2026-01-30,2026-01-30,2.0,0.0,1.0,2026-02-03,44.9,60.1,Chicago,user62@example.org,0.0,15.200000000000003
P-000062,PRG-002,1.0,0.0,2026-01-30,2026-01-30,3.0,1.0,1.0,2026-02-03,,,Boston,user62@example.org,0.0,
P-000062,PRG-003,1.0,1.0,2026-01-30,2026-01-30,,,,,,,Boston,user62@example.org,1.0,
P-000063,PRG-001,,,,,1.0,10.0,1.0,2026-02-03,47.4,50.3,Chicago,user63@example.org,,2.8999999999999986
P-000063,PRG-002,1.0,0.0,2026-01-20,2026-01-20,3.0,3.5,4.0,2026-02-07,,,Chicago,user63@example.org,0.0,
P-000063,PRG-003,2.0,2.0,2026-01-20,2026-01-25,,,,,76.8,62.4,Boston,user63@example.org,1.0,-14.399999999999999
P-000064,PRG-001,3.0,2.0,2026-01-20,2026-01-30,1.0,7.0,1.0,2026-02-03,52.1,60.6,New York,user64@example.org,0.6666666666666666,8.5
P-000064,PRG-002,,,,,1.0,8.0,1.0,2026-02-03,,,Chicago,user64@example.org,,
P-000064,PRG-003,1.0,1.0,2026-01-15,2026-01-15,,,,,,,Chicago,user64@example.org,1.0,
P-000065,PRG-001,1.0,1.0,2026-01-15,2026-01-15,,,,,,,New York,user65@example.org,1.0,
P-000065,PRG-002,1.0,1.0,2026-01-15,2026-01-15,,,,,,,New York,user65@example.org,1.0,
P-000065,PRG-003,2.0,1.0,2026-01-20,2026-01-20,,,,,33.6,79.1,New York,user65@example.org,0.5,45.49999999999999
P-000066,PRG-001,2.0,1.0,2026-01-20,2026-01-20,2.0,5.333333333333333,3.0,2026-02-03,37.5,72.4,New York,,0.5,34.900000000000006
P-000066,PRG-002,3.0,1.0,2026-01-25,2026-01-30,2.0,8.0,1.0,2026-02-07,,,,,0.3333333333333333,
P-000067,PRG-001,2.0,0.0,2026-01-15,2026-01-20,2.0,6.0,1.0,2026-02-03,39.6,48.3,Chicago,user67@example.org,0.0,8.699999999999996
P-000067,PRG-002,1.0,0.0,2026-01-20,2026-01-20,,,,,,,New York,user67@example.org,0.0,
P-000067,PRG-003,1.0,1.0,2026-01-25,2026-01-25,,,,,42.4,57.5,Boston,user67@example.org,1.0,15.100000000000001
P-000068,PRG-001,1.0,1.0,2026-01-25,2026-01-25,2.0,3.0,2.0,2026-02-07,,,Boston,user68@example.org,1.0,
P-000068,PRG-002,,,,,3.0,1.0,0.0,,,,Boston,user68@example.org,,
P-000069,PRG-001,2.0,1.0,2026-01-20,2026-01-20,3.0,3.5,2.0,2026-02-05,59.0,73.9,New York,user69@example.org,0.5,14.900000000000006
P-000069,PRG-002,1.0,0.0,2026-01-15,2026-01-15,,,,,,,Boston,user69@example.org,0.0,
P-000070,PRG-001,3.0,2.0,2026-01-30,2026-01-30,,,,,48.0,38.0,Chicago,user70@example.org,0.6666666666666666,-10.0
P-000070,PRG-002,,,,,5.0,8.0,1.0,2026-02-01,,,Chicago,user70@example.org,,
P-000071,PRG-001,,,,,5.0,1.0,1.0,2026-02-03,45.9,50.5,Boston,user71@example.org,,4.600000000000001
P-000071,PRG-002,,,,,1.0,0.0,1.0,2026-02-03,,,Brooklyn,user71@example.org,,
P-000071,PRG-003,1.0,0.0,2026-01-20,2026-01-20,5.0,9.0,1.0,2026-02-01,61.0,49.5,New York,user71@example.org,0.0,-11.5
P-000072,PRG-001,,,,,5.0,4.0,1.0,2026-02-07,41.3,51.5,Boston,user72@example.org,,10.200000000000003
P-000072,PRG-002,1.0,0.0,2026-01-25,2026-01-25,,,,,,,Brooklyn,user72@example.org,0.0,
P-000072,PRG-003,3.0,3.0,2026-01-15,2026-01-30,,,,,,,Brooklyn,user72@example.org,1.0,
P-000073,PRG-001,5.0,3.0,2026-01-15,2026-01-20,1.0,0.0,1.0,2026-02-01,,,New York,user73@example.org,0.6,
P-000073,PRG-002,2.0,2.0,2026-01-15,2026-01-25,,,,,,,New York,user73@example.org,1.0,
P-000074,PRG-001,1.0,1.0,2026-01-25,2026-01-25,2.0,5.5,1.0,2026-02-03,53.7,48.7,Chicago,user74@example.org,1.0,-5.0
P-000074,PRG-002,,,,,3.0,5.0,1.0,2026-02-01,,,Boston,user74@example.org,,
P-000074,PRG-003,3.0,2.0,2026-01-15,2026-01-30,,,,,,,Boston,user74@example.org,0.6666666666666666,
P-000075,PRG-001,,,,,4.0,3.0,1.0,2026-02-05,,,New York,user75@example.org,,
P-000075,PRG-003,,,,,3.0,7.0,2.0,2026-02-05,,,New York,user75@example.org,,
P-000076,PRG-001,3.0,3.0,2026-01-20,2026-01-30,4.0,10.0,1.0,2026-02-03,,,Chicago,user76@example.org,1.0,
P-000076,PRG-002,1.0,1.0,2026-01-20,2026-01-20,1.0,1.0,2.0,2026-02-07,,,Chicago,user76@example.org,1.0,
P-000077,PRG-001,2.0,1.0,2026-01-15,2026-01-20,4.0,9.0,1.0,2026-02-05,,,New York,user77@example.org,0.5,
P-000077,PRG-002,,,,,4.0,3.0,1.0,2026-02-03,,,New York,user77@example.org,,
P-000077,PRG-003,2.0,1.0,2026-01-30,2026-01-30,,,,,,,New York,user77@example.org,0.5,
P-000078,PRG-001,1.0,0.0,2026-01-15,2026-01-15,4.0,4.666666666666667,3.0,2026-02-03,66.6,42.5,Chicago,user78@example.org,0.0,-24.099999999999994
P-000078,PRG-002,2.0,1.0,2026-01-15,2026-01-20,3.0,8.0,1.0,2026-02-07,,,Boston,user78@example.org,0.5,
P-000078,PRG-003,2.0,1.0,2026-01-15,2026-01-20,,,,,,,Boston,user78@example.org,0.5,
P-000079,PRG-001,2.0,1.0,2026-01-20,2026-01-25,2.5,7.0,2.0,2026-02-05,,,New York,user79@example.org,0.5,
P-000079,PRG-002,,,,,5.0,8.0,1.0,2026-02-03,,,New York,user79@example.org,,
P-000080,PRG-001,2.0,1.0,2026-01-20,2026-01-25,2.5,6.0,2.0,2026-02-05,,,Chicago,user80@example.org,0.5,
P-000080,PRG-002,1.0,0.0,2026-01-20,2026-01-20,2.0,6.5,2.0,2026-02-07,,,Chicago,user80@example.org,0.0,
P-000080,PRG-003,4.0,1.0,2026-01-20,2026-01-25,,,,,,,Chicago,user80@example.org,0.25,
P-000081,PRG-001,1.0,1.0,2026-01-20,2026-01-20,,,,,,,New York,user81@example.org,1.0,
P-000081,PRG-002,2.0,1.0,2026-01-20,2026-01-20,,,,,,,New York,user81@example.org,0.5,
P-000081,PRG-003,,,,,3.0,0.6666666666666666,2.0,2026-02-05,,,New York,user81@example.org,,
P-000082,PRG-001,1.0,1.0,2026-01-25,2026-01-25,2.5,4.0,2.0,2026-02-03,,,Boston,user82@example.org,1.0,
P-000082,PRG-002,1.0,0.0,2026-01-20,2026-01-20,2.6666666666666665,6.666666666666667,3.0,2026-02-07,,,Boston,user82@example.org,0.0,
P-000082,PRG-003,,,,,3.0,5.0,1.0,2026-02-01,41.1,54.8,Chicago,user82@example.org,,13.699999999999996
P-000083,PRG-001,4.0,3.0,2026-01-20,2026-01-30,2.0,5.5,2.0,2026-02-05,,,Brooklyn,user83@example.org,0.75,
P-000083,PRG-002,,,,,3.0,3.0,2.0,2026-02-07,47.5,53.7,Chicago,user83@example.org,,6.200000000000003
P-000084,PRG-001,,,,,4.0,7.0,1.0,2026-02-07,,,New York,user84@example.org,,
P-000084,PRG-002,2.0,2.0,2026-01-20,2026-01-25,,,,,,,New York,user84@example.org,1.0,
P-000084,PRG-003,1.0,1.0,2026-01-15,2026-01-15,,,,,51.6,37.9,Boston,user84@example.org,1.0,-13.700000000000003
P-000085,PRG-001,1.0,0.0,2026-01-30,2026-01-30,3.0,0.0,1.0,2026-02-05,59.5,41.4,Chicago,user85@example.org,0.0,-18.1
P-000085,PRG-003,1.0,0.0,2026-01-20,2026-01-20,,,,,48.0,61.0,Boston,user85@example.org,0.0,13.0
P-000086,PRG-001,1.0,0.0,2026-01-20,2026-01-20,5.0,4.0,1.0,2026-02-07,,,,user86@example.org,0.0,
P-000086,PRG-002,3.0,2.0,2026-01-20,2026-01-30,5.0,7.0,1.0,2026-02-05,35.7,52.5,New York,user86@example.org,0.6666666666666666,16.799999999999997
P-000086,PRG-003,1.0,1.0,2026-01-20,2026-01-20,,,,,,,,user86@example.org,1.0,
P-000087,PRG-001,1.0,1.0,2026-01-20,2026-01-20,4.0,2.0,2.0,2026-02-07,54.0,57.4,Boston,user87@example.org,1.0,3.3999999999999986
P-000087,PRG-002,2.0,2.0,2026-01-15,2026-01-25,2.0,0.0,1.0,2026-02-01,,,New York,user87@example.org,1.0,
P-000087,PRG-003,2.0,2.0,2026-01-15,2026-01-15,,,,,,,New York,user87@example.org,1.0,
P-000088,PRG-001,,,,,4.0,10.0,1.0,2026-02-05,54.2,70.2,Boston,user88@example.org,,16.0
P-000088,PRG-002,,,,,4.25,5.0,5.0,2026-02-07,,,New York,user88@example.org,,
P-000088,PRG-003,1.0,0.0,2026-01-15,2026-01-15,,,,,,,New York,user88@example.org,0.0,
P-000089,PRG-001,,,,,2.0,2.0,1.0,2026-02-07,,,,user89@example.org,,
P-000089,PRG-002,,,,,5.0,1.0,0.0,,,,,user89@example.org,,
P-000089,PRG-003,2.0,1.0,2026-01-15,2026-01-30,2.5,4.0,2.0,2026-02-01,,,,user89@example.org,0.5,
P-000090,PRG-001,1.0,0.0,2026-01-20,2026-01-20,2.0,4.666666666666667,2.0,2026-02-03,29.8,41.8,New York,user90@example.org,0.0,11.999999999999996
P-000090,PRG-002,1.0,1.0,2026-01-20,2026-01-20,3.0,3.0,1.0,2026-02-07,,,Boston,user90@example.org,1.0,
P-000090,PRG-003,1.0,0.0,2026-01-30,2026-01-30,,,,,35.8,61.2,Chicago,user90@example.org,0.0,25.400000000000006
P-000091,PRG-001,,,,,1.0,1.0,1.0,2026-02-05,,,New York,user91@example.org,,
P-000091,PRG-002,2.0,1.0,2026-01-25,2026-01-30,1.5,4.0,2.0,2026-02-07,,,New York,user91@example.org,0.5,
P-000092,PRG-001,1.0,1.0,2026-01-15,2026-01-15,4.0,6.0,1.0,2026-02-03,,,New York,,1.0,
P-000092,PRG-002,4.0,2.0,2026-01-15,2026-01-25,,,,,,,New York,,0.5,
P-000092,PRG-003,1.0,0.0,2026-01-20,2026-01-20,,,,,,,New York,,0.0,
P-000093,PRG-001,3.0,3.0,2026-01-15,2026-01-20,2.5,6.0,2.0,2026-02-07,57.3,61.5,Boston,,1.0,4.200000000000003
P-000093,PRG-002,2.0,1.0,2026-01-15,2026-01-20,,,,,,,,,0.5,
P-000093,PRG-003,2.0,1.0,2026-01-15,2026-01-20,2.0,8.0,1.0,2026-02-03,,,,,0.5,
P-000094,PRG-001,3.0,2.0,2026-01-20,2026-01-30,,,,,57.2,49.8,New York,user94@example.org,0.6666666666666666,-7.400000000000006
P-000094,PRG-002,3.0,2.0,2026-01-25,2026-01-30,5.0,2.0,1.0,2026-02-03,40.4,61.6,Boston,user94@example.org,0.6666666666666666,21.200000000000003
P-000095,PRG-001,,,,,3.0,5.0,3.0,2026-02-07,,,Chicago,user95@example.org,,
P-000095,PRG-002,4.0,3.0,2026-01-15,2026-01-30,,,,,60.8,49.4,Boston,user95@example.org,0.75,-11.399999999999999
P-000095,PRG-003,,,,,5.0,3.0,1.0,2026-02-05,,,Chicago,user95@example.org,,
P-000096,PRG-001,2.0,2.0,2026-01-20,2026-01-25,2.0,5.333333333333333,3.0,2026-02-05,49.3,43.7,New York,user96@example.org,1.0,-5.599999999999994
P-000096,PRG-002,2.0,2.0,2026-01-25,2026-01-30,,,,,,,New York,user96@example.org,1.0,
P-000096,PRG-003,4.0,2.0,2026-01-15,2026-01-30,,,,,37.0,59.7,Chicago,user96@example.org,0.5,22.700000000000003
P-000097,PRG-001,1.0,0.0,2026-01-25,2026-01-25,2.5,6.5,2.0,2026-02-03,,,Chicago,user97@example.org,0.0,
P-000097,PRG-002,1.0,0.0,2026-01-30,2026-01-30,,,,,,,Chicago,user97@example.org,0.0,
P-000097,PRG-003,2.0,1.0,2026-01-25,2026-01-30,2.6666666666666665,3.3333333333333335,3.0,2026-02-05,64.1,47.4,Chicago,user97@example.org,0.5,-16.699999999999996
P-000098,PRG-001,1.0,0.0,2026-01-15,2026-01-15,,,,,,,,,0.0,
P-000098,PRG-002,1.0,1.0,2026-01-15,2026-01-15,,,,,,,,,1.0,
P-000098,PRG-003,1.0,0.0,2026-01-20,2026-01-20,,,,,,,,,0.0,
P-000099,PRG-001,,,,,2.5,5.5,2.0,2026-02-07,,,Chicago,user99@example.org,,
P-000099,PRG-002,3.0,3.0,2026-01-15,2026-01-30,,,,,51.5,,Chicago,user99@example.org,1.0,
P-000099,PRG-003,,,,,4.0,7.0,0.0,,,,Chicago,user99@example.org,,
P-000100,PRG-001,5.0,3.0,2026-01-15,2026-01-20,,,,,,,,,0.6,
P-000100,PRG-002,2.0,1.0,2026-01-30,2026-01-30,,3.0,1.0,2026-02-03,66.3,57.1,Boston,,0.5,-9.199999999999996
P-000100,PRG-003,,,,,3.0,7.0,1.0,2026-02-05,,,,,,
P-000101,PRG-001,1.0,0.0,2026-01-15,2026-01-15,1.0,6.0,1.0,2026-02-01,,,Chicago,user101@example.org,0.0,
P-000101,PRG-002,1.0,1.0,2026-01-30,2026-01-30,1.5,6.0,2.0,2026-02-05,44.2,73.8,Chicago,user101@example.org,1.0,29.599999999999994
P-000102,PRG-001,,,,,2.0,6.0,1.0,2026-02-03,46.3,51.3,New York,,,5.0
P-000102,PRG-002,1.0,0.0,2026-01-25,2026-01-25,3.5,3.0,2.0,2026-02-05,,,,,0.0,
P-000102,PRG-003,1.0,1.0,2026-01-25,2026-01-25,3.0,6.0,1.0,2026-02-03,,,,,1.0,
P-000103,PRG-001,2.0,1.0,2026-01-25,2026-01-30,,,,,,,Chicago,user103@example.org,0.5,
P-000103,PRG-002,1.0,0.0,2026-01-25,2026-01-25,2.5,5.75,4.0,2026-02-07,,,Chicago,user103@example.org,0.0,
P-000103,PRG-003,1.0,1.0,2026-01-20,2026-01-20,,,,,52.6,57.3,New York,user103@example.org,1.0,4.699999999999996
P-000104,PRG-001,1.0,1.0,2026-01-30,2026-01-30,3.5,1.0,2.0,2026-02-03,,,,,1.0,
P-000104,PRG-002,2.0,1.0,2026-01-20,2026-01-25,3.5,3.0,0.0,,61.5,64.8,New York,,0.5,3.299999999999997
P-000104,PRG-003,2.0,0.0,2026-01-15,2026-01-25,,,,,,,,,0.0,
P-000105,PRG-001,1.0,0.0,2026-01-25,2026-01-25,3.0,6.0,0.0,,44.3,54.1,Boston,user105@example.org,0.0,9.800000000000004
P-000105,PRG-003,1.0,1.0,2026-01-25,2026-01-25,,,,,,,New York,user105@example.org,1.0,
P-000106,PRG-001,1.0,1.0,2026-01-25,2026-01-25,1.6666666666666667,1.6666666666666667,3.0,2026-02-07,,,Boston,user106@example.org,1.0,
P-000106,PRG-002,2.0,2.0,2026-01-15,2026-01-15,3.0,3.5,2.0,2026-02-05,50.8,46.8,Boston,user106@example.org,1.0,-4.0
P-000106,PRG-003,1.0,1.0,2026-01-30,2026-01-30,3.5,5.0,1.0,2026-02-05,48.3,61.2,New York,user106@example.org,1.0,12.900000000000006
P-000107,PRG-001,4.0,3.0,2026-01-15,2026-01-30,,,,,,,Chicago,user107@example.org,0.75,
P-000107,PRG-003,3.0,3.0,2026-01-15,2026-01-30,,3.0,1.0,2026-02-01,,,Chicago,user107@example.org,1.0,
P-000108,PRG-001,1.0,0.0,2026-01-25,2026-01-25,4.666666666666667,1.6666666666666667,3.0,2026-02-05,43.7,60.4,Boston,,0.0,16.699999999999996
P-000108,PRG-002,,,,,1.0,2.5,2.0,2026-02-05,,,Chicago,,,
P-000109,PRG-001,1.0,0.0,2026-01-25,2026-01-25,4.0,4.0,1.0,2026-02-01,,,Boston,user109@example.org,0.0,
P-000109,PRG-002,1.0,1.0,2026-01-20,2026-01-20,4.0,9.0,1.0,2026-02-03,56.7,51.5,Chicago,user109@example.org,1.0,-5.200000000000003
P-000109,PRG-003,1.0,0.0,2026-01-30,2026-01-30,,,,,,,Boston,user109@example.org,0.0,
P-000110,PRG-001,1.0,1.0,2026-01-25,2026-01-25,,,,,,,,,1.0,
P-000110,PRG-002,1.0,0.0,2026-01-30,2026-01-30,5.0,3.0,1.0,2026-02-01,,,,,0.0,
P-000110,PRG-003,3.0,2.0,2026-01-20,2026-01-30,,1.0,1.0,2026-02-01,,,,,0.6666666666666666,
P-000111,PRG-001,,,,,2.5,3.0,1.0,2026-02-01,,,Boston,user111@example.org,,
P-000111,PRG-002,4.0,2.0,2026-01-20,2026-01-30,,,,,,,Boston,user111@example.org,0.5,
P-000112,PRG-001,1.0,1.0,2026-01-25,2026-01-25,4.0,4.0,1.0,2026-02-03,,,New York,user112@example.org,1.0,
P-000112,PRG-003,2.0,2.0,2026-01-15,2026-01-30,,,,,57.3,55.1,New York,user112@example.org,1.0,-2.1999999999999957
P-000113,PRG-001,2.0,1.0,2026-01-15,2026-01-25,2.0,4.0,2.0,2026-02-07,,,Chicago,user113@example.org,0.5,
P-000113,PRG-002,,,,,3.0,4.0,1.0,2026-02-07,,,Chicago,user113@example.org,,
P-000113,PRG-003,2.0,1.0,2026-01-20,2026-01-20,,,,,,,Chicago,user113@example.org,0.5,
P-000114,PRG-001,3.0,1.0,2026-01-15,2026-01-30,2.0,4.0,1.0,2026-02-05,,,New York,user114@example.org,0.3333333333333333,
P-000114,PRG-002,1.0,0.0,2026-01-15,2026-01-15,1.0,4.0,1.0,2026-02-03,,,New York,user114@example.org,0.0,
P-000114,PRG-003,1.0,0.0,2026-01-25,2026-01-25,,,,,68.5,,New York,user114@example.org,0.0,
P-000115,PRG-003,2.0,1.0,2026-01-20,2026-01-25,,,,,58.0,68.4,Boston,user115@example.org,0.5,10.400000000000006
P-000116,PRG-001,1.0,0.0,2026-01-20,2026-01-20,,,,,,,New York,user116@example.org,0.0,
P-000116,PRG-002,1.0,0.0,2026-01-30,2026-01-30,,,,,,,New York,user116@example.org,0.0,
P-000116,PRG-003,2.0,1.0,2026-01-20,2026-01-30,,,,,47.7,51.2,Boston,user116@example.org,0.5,3.5
P-000117,PRG-001,4.0,3.0,2026-01-15,2026-01-30,1.0,0.0,1.0,2026-02-01,54.3,62.3,Boston,user117@example.org,0.75,8.0
P-000117,PRG-002,1.0,0.0,2026-01-30,2026-01-30,3.0,5.0,2.0,2026-02-03,48.1,35.2,Boston,user117@example.org,0.0,-12.899999999999999
P-000118,PRG-002,2.0,2.0,2026-01-20,2026-01-30,,,,,52.0,52.6,Chicago,,1.0,0.6000000000000014
P-000118,PRG-003,2.0,1.0,2026-01-15,2026-01-20,,,,,,,,,0.5,
P-000119,PRG-001,1.0,0.0,2026-01-15,2026-01-15,1.0,3.0,1.0,2026-02-07,,,Chicago,,0.0,
P-000119,PRG-002,1.0,1.0,2026-01-25,2026-01-25,,,,,,,Chicago,,1.0,
P-000119,PRG-003,2.0,1.0,2026-01-15,2026-01-30,4.0,0.0,0.0,,54.7,50.8,Boston,,0.5,-3.9000000000000057
P-000120,PRG-001,1.0,1.0,2026-01-20,2026-01-20,2.0,8.0,1.0,2026-02-05,,,New York,user120@example.org,1.0,
P-000120,PRG-002,1.0,0.0,2026-01-20,2026-01-20,3.0,10.0,1.0,2026-02-01,,,New York,user120@example.org,0.0,
P-000121,PRG-001,,,,,2.5,9.0,2.0,2026-02-05,37.2,60.4,Boston,user121@example.org,,23.199999999999996
P-000121,PRG-002,1.0,1.0,2026-01-25,2026-01-25,2.0,0.0,0.0,,,,,user121@example.org,1.0,
P-000121,PRG-003,3.0,0.0,2026-01-15,2026-01-25,,,,,,,,user121@example.org,0.0,
P-000122,PRG-001,,,,,2.0,2.0,1.0,2026-02-01,,,,user122@example.org,,
P-000122,PRG-002,2.0,2.0,2026-01-20,2026-01-25,,,,,51.3,55.8,Boston,user122@example.org,1.0,4.5
P-000123,PRG-001,3.0,2.0,2026-01-20,2026-01-25,3.0,8.0,1.0,2026-02-01,,,Boston,user123@example.org,0.6666666666666666,
P-000123,PRG-003,3.0,3.0,2026-01-30,2026-01-30,,,,,49.9,53.7,Chicago,user123@example.org,1.0,3.8000000000000043
P-000124,PRG-002,1.0,0.0,2026-01-25,2026-01-25,,,,,52.1,55.5,New York,,0.0,3.3999999999999986
P-000124,PRG-003,1.0,1.0,2026-01-15,2026-01-15,1.0,10.0,1.0,2026-02-01,59.9,55.7,Chicago,,1.0,-4.199999999999996
P-000125,PRG-001,2.0,2.0,2026-01-25,2026-01-30,1.5,6.0,2.0,2026-02-03,,,Chicago,user125@example.org,1.0,
P-000125,PRG-002,,,,,3.0,6.333333333333333,3.0,2026-02-05,,,Chicago,user125@example.org,,
P-000125,PRG-003,1.0,1.0,2026-01-30,2026-01-30,,,,,55.7,65.7,New York,user125@example.org,1.0,10.0
P-000126,PRG-001,2.0,2.0,2026-01-15,2026-01-15,1.0,5.0,1.0,2026-02-07,,,,,1.0,
P-000126,PRG-003,,,,,2.0,10.0,1.0,2026-02-01,47.9,43.0,Chicago,,,-4.899999999999999
P-000127,PRG-001,1.0,1.0,2026-01-20,2026-01-20,5.0,1.0,1.0,2026-02-01,,,New York,user127@example.org,1.0,
P-000127,PRG-002,1.0,0.0,2026-01-25,2026-01-25,,7.0,1.0,2026-02-05,,,New York,user127@example.org,0.0,
P-000128,PRG-001,1.0,0.0,2026-01-25,2026-01-25,2.0,6.0,1.0,2026-02-05,,,Chicago,user128@example.org,0.0,
P-000128,PRG-002,,,,,5.0,4.0,1.0,2026-02-05,45.9,48.0,New York,user128@example.org,,2.1000000000000014
P-000129,PRG-001,3.0,2.0,2026-01-20,2026-01-30,,,,,,,Boston,user129@example.org,0.6666666666666666,
P-000130,PRG-002,,,,,2.0,3.0,1.0,2026-02-05,,,New York,user130@example.org,,
P-000131,PRG-001,1.0,1.0,2026-01-30,2026-01-30,,,,,,,New York,user131@example.org,1.0,
P-000131,PRG-002,1.0,1.0,2026-01-25,2026-01-25,5.0,6.0,0.0,,45.9,50.1,New York,user131@example.org,1.0,4.200000000000003
P-000132,PRG-001,2.0,0.0,2026-01-15,2026-01-20,5.0,7.0,1.0,2026-02-03,47.1,59.4,Boston,user132@example.org,0.0,12.299999999999997
P-000132,PRG-002,2.0,2.0,2026-01-15,2026-01-20,,,,,,,Boston,user132@example.org,1.0,
P-000132,PRG-003,4.0,2.0,2026-01-20,2026-01-25,1.0,4.0,1.0,2026-02-01,,,Boston,user132@example.org,0.5,
P-000133,PRG-001,3.0,2.0,2026-01-15,2026-01-30,4.0,1.5,2.0,2026-02-03,,,New York,user133@example.org,0.6666666666666666,
P-000133,PRG-002,1.0,1.0,2026-01-20,2026-01-20,,,,,,,New York,user133@example.org,1.0,
P-000133,PRG-003,1.0,0.0,2026-01-15,2026-01-15,3.0,10.0,1.0,2026-02-03,,,New York,user133@example.org,0.0,
P-000134,PRG-001,1.0,1.0,2026-01-30,2026-01-30,,,,,,,Chicago,user134@example.org,1.0,
P-000134,PRG-002,1.0,1.0,2026-01-25,2026-01-25,2.0,8.0,1.0,2026-02-01,61.9,70.4,Boston,user134@example.org,1.0,8.500000000000007
P-000134,PRG-003,1.0,1.0,2026-01-15,2026-01-15,,,,,,,Chicago,user134@example.org,1.0,
P-000135,PRG-002,1.0,1.0,2026-01-20,2026-01-20,,,,,,,Brooklyn,user135@example.org,1.0,
P-000135,PRG-003,2.0,0.0,2026-01-20,2026-01-30,4.0,6.0,1.0,2026-02-05,,,Brooklyn,user135@example.org,0.0,
P-000137,PRG-001,2.0,1.0,2026-01-20,2026-01-25,2.0,3.0,1.0,2026-02-03,,,New York,user137@example.org,0.5,
P-000137,PRG-002,4.0,3.0,2026-01-15,2026-01-30,,,,,69.7,56.7,Boston,user137@example.org,0.75,-13.0
P-000137,PRG-003,1.0,0.0,2026-01-20,2026-01-20,,,,,,,New York,user137@example.org,0.0,
P-000138,PRG-001,1.0,1.0,2026-01-15,2026-01-15,,,,,,,New York,user138@example.org,1.0,
P-000138,PRG-003,1.0,0.0,2026-01-20,2026-01-20,,,,,,,New York,user138@example.org,0.0,
P-000139,PRG-001,2.0,1.0,2026-01-15,2026-01-30,5.0,6.0,1.0,2026-02-03,50.0,66.9,Chicago,,0.5,16.900000000000006
P-000139,PRG-002,1.0,0.0,2026-01-25,2026-01-25,,,,,,,Chicago,,0.0,
P-000139,PRG-003,1.0,0.0,2026-01-30,2026-01-30,,,,,,,Chicago,,0.0,
P-000140,PRG-001,,,,,,10.0,1.0,2026-02-05,59.6,48.7,Chicago,,,-10.899999999999999
P-000140,PRG-003,2.0,0.0,2026-01-25,2026-01-25,,,,,,,,,0.0,
P-000141,PRG-001,1.0,1.0,2026-01-25,2026-01-25,3.0,8.0,1.0,2026-02-01,,,New York,user141@example.org,1.0,
P-000141,PRG-002,1.0,0.0,2026-01-20,2026-01-20,4.0,3.5,1.0,2026-02-05,44.3,24.2,Boston,user141@example.org,0.0,-20.099999999999998
P-000142,PRG-001,2.0,2.0,2026-01-20,2026-01-25,,,,,,,Chicago,user142@example.org,1.0,
P-000142,PRG-002,1.0,0.0,2026-01-20,2026-01-20,,,,,,,Chicago,user142@example.org,0.0,
P-000142,PRG-003,2.0,2.0,2026-01-15,2026-01-25,3.0,6.0,1.0,2026-02-03,,,Chicago,user142@example.org,1.0,
P-000143,PRG-001,1.0,1.0,2026-01-20,2026-01-20,3.0,6.0,2.0,2026-02-05,,,,,1.0,
P-000143,PRG-002,2.0,0.0,2026-01-15,2026-01-30,3.0,5.0,0.0,,,,,,0.0,
P-000143,PRG-003,1.0,1.0,2026-01-30,2026-01-30,,,,,,,,,1.0,
P-000144,PRG-001,1.0,1.0,2026-01-15,2026-01-15,,,,,,,Chicago,,1.0,
P-000144,PRG-002,,,,,4.5,9.0,2.0,2026-02-05,55.2,47.3,Boston,,,-7.900000000000006
P-000144,PRG-003,1.0,1.0,2026-01-30,2026-01-30,2.5,3.0,2.0,2026-02-07,73.5,49.5,Chicago,,1.0,-24.0
P-000145,PRG-001,1.0,1.0,2026-01-15,2026-01-15,4.0,6.0,1.0,2026-02-07,,,Boston,user145@example.org,1.0,
P-000145,PRG-002,3.0,2.0,2026-01-15,2026-01-25,3.0,4.0,1.0,2026-02-05,53.0,64.7,Boston,user145@example.org,0.6666666666666666,11.700000000000003
P-000145,PRG-003,2.0,0.0,2026-01-25,2026-01-30,,,,,,,Boston,user145@example.org,0.0,
P-000146,PRG-001,1.0,1.0,2026-01-30,2026-01-30,1.0,3.0,1.0,2026-02-05,,,,,1.0,
P-000146,PRG-002,1.0,1.0,2026-01-25,2026-01-25,,,,,,,,,1.0,
P-000146,PRG-003,1.0,1.0,2026-01-30,2026-01-30,,,,,,,,,1.0,
P-000147,PRG-002,1.0,1.0,2026-01-20,2026-01-20,,,,,,,Chicago,user147@example.org,1.0,
P-000148,PRG-001,,,,,3.0,0.0,1.0,2026-02-05,41.1,48.5,Boston,user148@example.org,,7.399999999999999
P-000148,PRG-002,3.0,2.0,2026-01-15,2026-01-30,2.0,5.0,2.0,2026-02-05,,,Chicago,user148@example.org,0.6666666666666666,
P-000148,PRG-003,1.0,0.0,2026-01-30,2026-01-30,,,,,48.5,52.9,Chicago,user148@example.org,0.0,4.399999999999999
P-000149,PRG-001,1.0,0.0,2026-01-20,2026-01-20,3.5,5.0,4.0,2026-02-07,48.4,43.9,Chicago,user149@example.org,0.0,-4.5
P-000149,PRG-002,2.0,1.0,2026-01-15,2026-01-20,3.0,6.0,1.0,2026-02-05,,,New York,user149@example.org,0.5,
P-000149,PRG-003,1.0,1.0,2026-01-20,2026-01-20,,,,,36.7,58.5,New York,user149@example.org,1.0,21.799999999999997
P-000150,PRG-001,2.0,1.0,2026-01-15,2026-01-20,3.5,5.5,2.0,2026-02-03,,,,,0.5,
P-000150,PRG-002,1.0,0.0,2026-01-20,2026-01-20,2.0,1.0,0.0,,,,,,0.0,
P-000150,PRG-003,3.0,0.0,2026-01-15,2026-01-25,2.0,6.0,1.0,2026-02-03,,,,,0.0,
P-000151,PRG-001,,,,,1.0,1.0,1.0,2026-02-01,43.4,57.1,Boston,user151@example.org,,13.700000000000003
P-000151,PRG-002,1.0,0.0,2026-01-20,2026-01-20,2.0,10.0,1.0,2026-02-07,30.6,40.1,Boston,user151@example.org,0.0,9.5
P-000151,PRG-003,,,,,4.5,5.5,2.0,2026-02-07,51.1,55.8,Chicago,user151@example.org,,4.699999999999996
P-000152,PRG-001,1.0,1.0,2026-01-15,2026-01-15,4.5,1.5,2.0,2026-02-05,65.7,40.0,New York,user152@example.org,1.0,-25.700000000000003
P-000152,PRG-002,2.0,2.0,2026-01-20,2026-01-25,4.0,9.0,1.0,2026-02-05,39.2,82.0,Chicago,user152@example.org,1.0,42.8
P-000152,PRG-003,4.0,1.0,2026-01-15,2026-01-30,3.0,1.5,2.0,2026-02-07,,,Chicago,user152@example.org,0.25,
P-000153,PRG-001,4.0,3.0,2026-01-15,2026-01-30,5.0,5.0,2.0,2026-02-07,,,New York,user153@example.org,0.75,
P-000153,PRG-002,2.0,2.0,2026-01-30,2026-01-30,4.0,9.0,1.0,2026-02-05,,,New York,user153@example.org,1.0,
P-000154,PRG-002,1.0,0.0,2026-01-20,2026-01-20,,,,,,,Boston,user154@example.org,0.0,
P-000154,PRG-003,2.0,1.0,2026-01-15,2026-01-25,,,,,59.2,52.5,Boston,user154@example.org,0.5,-6.700000000000003
P-000155,PRG-001,,,,,3.0,3.6666666666666665,3.0,2026-02-03,,,New York,user155@example.org,,
P-000156,PRG-001,,,,,3.0,4.5,2.0,2026-02-07,,,New York,user156@example.org,,
P-000156,PRG-002,,,,,2.6666666666666665,5.666666666666667,3.0,2026-02-05,63.0,41.2,Boston,user156@example.org,,-21.799999999999997
P-000156,PRG-003,1.0,0.0,2026-01-15,2026-01-15,,,,,,,New York,user156@example.org,0.0,
P-000157,PRG-001,3.0,2.0,2026-01-20,2026-01-30,5.0,0.0,1.0,2026-02-03,,,New York,,0.6666666666666666,
P-000157,PRG-002,,,,,2.0,7.0,0.0,,,,New York,,,
P-000157,PRG-003,2.0,1.0,2026-01-15,2026-01-20,,,,,63.4,29.6,New York,,0.5,-33.8
P-000158,PRG-003,3.0,1.0,2026-01-20,2026-01-25,,,,,,,Boston,user158@example.org,0.3333333333333333,
P-000159,PRG-001,,,,,3.0,2.0,1.0,2026-02-01,42.5,59.1,New York,,,16.6
P-000159,PRG-002,,,,,5.0,3.0,1.0,2026-02-01,56.3,38.5,New York,,,-17.799999999999997
P-000159,PRG-003,1.0,0.0,2026-01-15,2026-01-15,1.0,6.0,0.0,,56.4,34.8,New York,,0.0,-21.6
P-000160,PRG-001,,,,,3.0,8.0,1.0,2026-02-05,43.4,61.6,Chicago,user160@example.org,,18.200000000000003
P-000160,PRG-002,2.0,0.0,2026-01-25,2026-01-30,,,,,45.8,65.3,New York,user160@example.org,0.0,19.5
P-000160,PRG-003,1.0,0.0,2026-01-20,2026-01-20,,,,,,,Chicago,user160@example.org,0.0,
P-000161,PRG-001,1.0,0.0,2026-01-20,2026-01-20,3.0,5.0,1.0,2026-02-03,,,,,0.0,
P-000161,PRG-003,1.0,0.0,2026-01-30,2026-01-30,,,,,,,,,0.0,
P-000162,PRG-001,2.0,0.0,2026-01-25,2026-01-25,3.0,7.5,2.0,2026-02-07,,,New York,user162@example.org,0.0,
P-000162,PRG-002,1.0,0.0,2026-01-25,2026-01-25,5.0,6.0,1.0,2026-02-05,49.4,61.4,New York,user162@example.org,0.0,12.0
P-000162,PRG-003,2.0,0.0,2026-01-20,2026-01-30,,,,,,,New York,user162@example.org,0.0,
P-000163,PRG-002,1.0,1.0,2026-01-30,2026-01-30,,,,,,,Boston,user163@example.org,1.0,
P-000163,PRG-003,1.0,0.0,2026-01-20,2026-01-20,,,,,,,Boston,user163@example.org,0.0,
P-000164,PRG-001,3.0,1.0,2026-01-15,2026-01-25,,,,,,,New York,user164@example.org,0.3333333333333333,
P-000164,PRG-002,2.0,0.0,2026-01-15,2026-01-25,,,,,,,New York,user164@example.org,0.0,
P-000164,PRG-003,,,,,,7.0,1.0,2026-02-03,,,New York,user164@example.org,,
P-000165,PRG-001,3.0,2.0,2026-01-15,2026-01-30,2.5,6.5,2.0,2026-02-03,,,New York,user165@example.org,0.6666666666666666,
P-000165,PRG-002,,,,,5.0,0.0,1.0,2026-02-05,,,New York,user165@example.org,,
P-000166,PRG-001,2.0,1.0,2026-01-30,2026-01-30,2.0,2.0,1.0,2026-02-01,32.2,66.4,Chicago,,0.5,34.2
P-000166,PRG-002,3.0,0.0,2026-01-15,2026-01-30,4.0,4.0,1.0,2026-02-03,41.4,68.2,,,0.0,26.800000000000004
P-000166,PRG-003,2.0,0.0,2026-01-30,2026-01-30,,,,,,,,,0.0,
P-000167,PRG-002,1.0,1.0,2026-01-15,2026-01-15,,,,,45.6,72.0,New York,user167@example.org,1.0,26.4
P-000167,PRG-003,1.0,1.0,2026-01-30,2026-01-30,,,,,,,Chicago,user167@example.org,1.0,
P-000168,PRG-001,1.0,0.0,2026-01-15,2026-01-15,3.0,4.0,1.0,2026-02-03,,,,,0.0,
P-000168,PRG-002,1.0,0.0,2026-01-30,2026-01-30,,,,,41.7,50.6,Boston,,0.0,8.899999999999999
P-000168,PRG-003,2.0,1.0,2026-01-25,2026-01-25,3.0,5.0,1.0,2026-02-05,38.8,49.1,Boston,,0.5,10.300000000000004
P-000169,PRG-001,1.0,0.0,2026-01-15,2026-01-15,5.0,8.0,1.0,2026-02-01,,,New York,user169@example.org,0.0,
P-000169,PRG-002,3.0,1.0,2026-01-25,2026-01-30,,,,,56.0,59.6,Boston,user169@example.org,0.3333333333333333,3.6000000000000014
P-000169,PRG-003,2.0,2.0,2026-01-15,2026-01-30,,,,,,,New York,user169@example.org,1.0,
P-000170,PRG-001,3.0,2.0,2026-01-15,2026-01-20,,,,,,,Chicago,user170@example.org,0.6666666666666666,
P-000170,PRG-002,1.0,0.0,2026-01-15,2026-01-15,3.0,4.0,1.0,2026-02-01,45.3,64.6,Boston,user170@example.org,0.0,19.299999999999997
P-000171,PRG-001,2.0,1.0,2026-01-20,2026-01-30,5.0,7.0,1.0,2026-02-07,60.5,62.5,Chicago,user171@example.org,0.5,2.0
P-000171,PRG-002,,,,,4.5,5.5,2.0,2026-02-07,,,Brooklyn,user171@example.org,,
P-000171,PRG-003,1.0,1.0,2026-01-15,2026-01-15,,,,,,,Brooklyn,user171@example.org,1.0,
P-000172,PRG-001,,,,,3.5,7.5,1.0,2026-02-03,,,Chicago,user172@example.org,,
P-000172,PRG-002,2.0,1.0,2026-01-20,2026-01-30,3.0,10.0,1.0,2026-02-01,,,Chicago,user172@example.org,0.5,
P-000172,PRG-003,1.0,0.0,2026-01-30,2026-01-30,,,,,,,Chicago,user172@example.org,0.0,
P-000173,PRG-001,1.0,0.0,2026-01-30,2026-01-30,2.75,3.5,3.0,2026-02-07,,,New York,user173@example.org,0.0,
P-000173,PRG-002,,,,,4.0,2.0,1.0,2026-02-05,,,New York,user173@example.org,,
P-000174,PRG-001,,,,,4.0,0.0,1.0,2026-02-01,,,Chicago,user174@example.org,,
P-000174,PRG-002,1.0,0.0,2026-01-20,2026-01-20,,,,,,,Chicago,user174@example.org,0.0,
P-000174,PRG-003,3.0,0.0,2026-01-15,2026-01-30,,,,,,,Chicago,user174@example.org,0.0,
P-000175,PRG-001,1.0,0.0,2026-01-30,2026-01-30,5.0,10.0,1.0,2026-02-01,,,New York,user175@example.org,0.0,
P-000175,PRG-002,1.0,1.0,2026-01-25,2026-01-25,3.0,4.0,1.0,2026-02-07,40.0,59.4,Boston,user175@example.org,1.0,19.4
P-000175,PRG-003,1.0,0.0,2026-01-30,2026-01-30,,,,,,,New York,user175@example.org,0.0,
P-000176,PRG-001,4.0,1.0,2026-01-15,2026-01-20,2.0,3.0,1.0,2026-02-03,,,Boston,user176@example.org,0.25,
P-000176,PRG-003,3.0,2.0,2026-01-15,2026-01-25,5.0,2.0,1.0,2026-02-03,,,Boston,user176@example.org,0.6666666666666666,
P-000177,PRG-001,2.0,2.0,2026-01-25,2026-01-25,4.0,0.0,1.0,2026-02-03,,,New York,user177@example.org,1.0,
P-000177,PRG-002,3.0,0.0,2026-01-15,2026-01-25,2.0,1.0,1.0,2026-02-07,51.9,63.4,New York,user177@example.org,0.0,11.5
P-000177,PRG-003,1.0,0.0,2026-01-25,2026-01-25,3.0,7.0,1.0,2026-02-01,,,New York,user177@example.org,0.0,
P-000178,PRG-001,2.0,2.0,2026-01-25,2026-01-30,,,,,,,Boston,user178@example.org,1.0,
P-000178,PRG-002,1.0,1.0,2026-01-30,2026-01-30,2.0,8.5,2.0,2026-02-07,39.4,64.2,Chicago,user178@example.org,1.0,24.800000000000004
P-000178,PRG-003,,,,,1.0,4.0,1.0,2026-02-01,,,Boston,user178@example.org,,
P-000179,PRG-001,1.0,0.0,2026-01-20,2026-01-20,,,,,,,,,0.0,
P-000179,PRG-003,1.0,1.0,2026-01-30,2026-01-30,1.0,10.0,1.0,2026-02-05,56.4,59.6,Chicago,,1.0,3.200000000000003
P-000180,PRG-001,2.0,1.0,2026-01-20,2026-01-30,3.5,5.5,2.0,2026-02-03,,,Chicago,user180@example.org,0.5,
P-000180,PRG-002,,,,,1.5,4.0,1.0,2026-02-01,,,Chicago,user180@example.org,,
P-000180,PRG-003,1.0,1.0,2026-01-20,2026-01-20,,,,,,,Chicago,user180@example.org,1.0,
P-000181,PRG-001,2.0,1.0,2026-01-25,2026-01-25,4.0,8.0,0.0,,59.6,37.1,Chicago,user181@example.org,0.5,-22.5
P-000181,PRG-003,,,,,1.0,4.0,1.0,2026-02-01,,,Boston,user181@example.org,,
P-000182,PRG-001,4.0,3.0,2026-01-20,2026-01-30,2.5,2.0,2.0,2026-02-07,40.6,66.1,Boston,user182@example.org,0.75,25.499999999999993
P-000182,PRG-002,2.0,1.0,2026-01-15,2026-01-20,,,,,75.7,46.0,New York,user182@example.org,0.5,-29.700000000000003
P-000182,PRG-003,1.0,1.0,2026-01-20,2026-01-20,4.0,4.0,1.0,2026-02-01,,,New York,user182@example.org,1.0,
P-000183,PRG-001,2.0,1.0,2026-01-15,2026-01-25,5.0,6.0,1.0,2026-02-01,,,New York,user183@example.org,0.5,
P-000183,PRG-002,,,,,4.0,5.0,1.0,2026-02-05,,,New York,user183@example.org,,
P-000184,PRG-001,2.0,1.0,2026-01-25,2026-01-30,2.0,1.5,1.0,2026-02-05,,,,,0.5,
P-000184,PRG-002,2.0,0.0,2026-01-25,2026-01-25,,,,,47.1,51.8,Chicago,,0.0,4.699999999999996
P-000184,PRG-003,1.0,1.0,2026-01-25,2026-01-25,,,,,,,,,1.0,
P-000185,PRG-001,1.0,1.0,2026-01-20,2026-01-20,3.5,9.0,2.0,2026-02-03,31.9,40.3,Boston,,1.0,8.399999999999999
P-000185,PRG-002,1.0,1.0,2026-01-20,2026-01-20,4.333333333333333,7.0,0.0,,,,,,1.0,
P-000185,PRG-003,1.0,0.0,2026-01-15,2026-01-15,,,,,,,,,0.0,
P-000186,PRG-001,2.0,2.0,2026-01-20,2026-01-30,,,,,,,Chicago,user186@example.org,1.0,
P-000186,PRG-002,2.0,1.0,2026-01-15,2026-01-25,3.0,5.0,1.0,2026-02-01,42.3,38.6,Chicago,user186@example.org,0.5,-3.6999999999999957
P-000186,PRG-003,2.0,0.0,2026-01-15,2026-01-30,,,,,,,Chicago,user186@example.org,0.0,
P-000187,PRG-001,1.0,0.0,2026-01-30,2026-01-30,,,,,,,Chicago,user187@example.org,0.0,
P-000187,PRG-002,1.0,1.0,2026-01-25,2026-01-25,,,,,,,Chicago,user187@example.org,1.0,
P-000187,PRG-003,1.0,0.0,2026-01-25,2026-01-25,,,,,,,Chicago,user187@example.org,0.0,
P-000188,PRG-001,2.0,2.0,2026-01-15,2026-01-25,,,,,,,,user188@example.org,1.0,
P-000188,PRG-003,,,,,4.0,5.0,1.0,2026-02-07,,,,user188@example.org,,
P-000189,PRG-001,1.0,0.0,2026-01-15,2026-01-15,,,,,,,New York,user189@example.org,0.0,
P-000189,PRG-002,,,,,5.0,5.0,2.0,2026-02-07,,,New York,user189@example.org,,
P-000189,PRG-003,3.0,1.0,2026-01-20,2026-01-25,4.0,6.5,2.0,2026-02-05,,,New York,user189@example.org,0.3333333333333333,
P-000190,PRG-001,1.0,0.0,2026-01-20,2026-01-20,3.5,4.0,2.0,2026-02-03,,,Boston,user190@example.org,0.0,
P-000190,PRG-002,2.0,2.0,2026-01-15,2026-01-25,1.5,4.5,2.0,2026-02-07,,,Boston,user190@example.org,1.0,
P-000190,PRG-003,2.0,2.0,2026-01-25,2026-01-30,4.5,7.5,2.0,2026-02-07,,,Boston,user190@example.org,1.0,
P-000191,PRG-001,3.0,2.0,2026-01-15,2026-01-30,4.0,1.0,1.0,2026-02-01,47.9,54.9,New York,user191@example.org,0.6666666666666666,7.0
P-000191,PRG-002,3.0,1.0,2026-01-20,2026-01-30,3.0,0.0,1.0,2026-02-05,,,Boston,user191@example.org,0.3333333333333333,
P-000191,PRG-003,1.0,1.0,2026-01-25,2026-01-25,,,,,58.6,62.8,New York,user191@example.org,1.0,4.199999999999996
P-000192,PRG-001,2.0,0.0,2026-01-15,2026-01-25,,,,,51.3,52.8,Chicago,,0.0,1.5
P-000192,PRG-002,2.0,0.0,2026-01-15,2026-01-25,,,,,57.0,50.7,Boston,,0.0,-6.299999999999997
P-000192,PRG-003,,,,,3.0,7.0,1.0,2026-02-01,,,Chicago,,,
P-000193,PRG-001,1.0,0.0,2026-01-30,2026-01-30,4.0,3.0,1.0,2026-02-01,,,Chicago,,0.0,
P-000193,PRG-002,,,,,,7.0,1.0,2026-02-01,,,Chicago,,,
P-000193,PRG-003,2.0,2.0,2026-01-25,2026-01-30,3.0,5.0,2.0,2026-02-03,58.8,52.8,Chicago,,1.0,-6.0
P-000194,PRG-001,1.0,0.0,2026-01-25,2026-01-25,4.5,3.5,2.0,2026-02-05,56.4,60.7,New York,user194@example.org,0.0,4.300000000000004
P-000194,PRG-002,5.0,3.0,2026-01-15,2026-01-30,5.0,1.0,1.0,2026-02-01,,,Boston,user194@example.org,0.6,
P-000194,PRG-003,1.0,0.0,2026-01-25,2026-01-25,,,,,,,Boston,user194@example.org,0.0,
P-000195,PRG-001,,,,,4.5,3.5,2.0,2026-02-01,60.7,70.3,Boston,,,9.599999999999994
P-000195,PRG-003,1.0,1.0,2026-01-20,2026-01-20,1.0,2.0,2.0,2026-02-05,45.8,59.7,Chicago,,1.0,13.900000000000006
P-000196,PRG-001,3.0,1.0,2026-01-20,2026-01-30,3.5,6.75,3.0,2026-02-05,,,Boston,user196@example.org,0.3333333333333333,
P-000196,PRG-002,1.0,0.0,2026-01-30,2026-01-30,,,,,,,Boston,user196@example.org,0.0,
P-000196,PRG-003,1.0,1.0,2026-01-30,2026-01-30,,,,,,,Boston,user196@example.org,1.0,
P-000197,PRG-001,4.0,2.0,2026-01-15,2026-01-30,,,,,,,Chicago,user197@example.org,0.5,
P-000197,PRG-002,2.0,2.0,2026-01-15,2026-01-20,,,,,,,Chicago,user197@example.org,1.0,
P-000197,PRG-003,3.0,0.0,2026-01-25,2026-01-30,5.0,7.0,2.0,2026-02-03,,,Chicago,user197@example.org,0.0,
P-000198,PRG-001,2.0,1.0,2026-01-25,2026-01-25,3.0,7.0,3.0,2026-02-03,,,,user198@example.org,0.5,
P-000198,PRG-003,1.0,1.0,2026-01-20,2026-01-20,3.0,3.0,1.0,2026-02-05,47.4,75.6,New York,user198@example.org,1.0,28.199999999999996
P-000199,PRG-001,2.0,0.0,2026-01-25,2026-01-25,,,,,48.3,68.7,Chicago,user199@example.org,0.0,20.400000000000006
P-000199,PRG-002,2.0,1.0,2026-01-25,2026-01-25,,,,,,,Chicago,user199@example.org,0.5,
P-000199,PRG-003,3.0,2.0,2026-01-15,2026-01-25,,,,,,,Chicago,user199@example.org,0.6666666666666666,
P-000200,PRG-001,1.0,0.0,2026-01-30,2026-01-30,1.6666666666666667,7.0,3.0,2026-02-03,46.9,,New York,user200@example.org,0.0,
P-000200,PRG-002,3.0,1.0,2026-01-30,2026-01-30,,,,,51.0,,New York,user200@example.org,0.3333333333333333,
P-000200,PRG-003,2.0,1.0,2026-01-15,2026-01-20,,,,,,,New York,user200@example.org,0.5,
P-000201,PRG-001,1.0,0.0,2026-01-20,2026-01-20,1.0,8.0,1.0,2026-02-01,,,Boston,user201@example.org,0.0,
P-000201,PRG-002,3.0,2.0,2026-01-20,2026-01-25,,,,,,,Boston,user201@example.org,0.6666666666666666,
P-000201,PRG-003,1.0,0.0,2026-01-25,2026-01-25,,,,,,,Boston,user201@example.org,0.0,
P-000202,PRG-002,1.0,0.0,2026-01-15,2026-01-15,1.0,10.0,1.0,2026-02-03,,,Boston,user202@example.org,0.0,
P-000202,PRG-003,4.0,0.0,2026-01-15,2026-01-25,,,,,,,Boston,user202@example.org,0.0,
P-000203,PRG-001,1.0,0.0,2026-01-20,2026-01-20,3.0,8.0,1.0,2026-02-05,,,,user203@example.org,0.0,
P-000203,PRG-002,2.0,1.0,2026-01-20,2026-01-30,2.0,8.0,1.0,2026-02-01,,,,user203@example.org,0.5,
P-000203,PRG-003,2.0,1.0,2026-01-25,2026-01-25,,,,,,,,user203@example.org,0.5,
P-000204,PRG-001,,,,,3.0,5.0,1.0,2026-02-03,61.1,53.2,New York,user204@example.org,,-7.899999999999999
P-000204,PRG-003,1.0,0.0,2026-01-25,2026-01-25,,,,,,,New York,user204@example.org,0.0,
P-000205,PRG-001,2.0,0.0,2026-01-15,2026-01-20,2.5,7.0,2.0,2026-02-03,,,Boston,user205@example.org,0.0,
P-000205,PRG-002,2.0,1.0,2026-01-20,2026-01-25,1.5,7.666666666666667,2.0,2026-02-05,31.2,49.3,Chicago,user205@example.org,0.5,18.099999999999998
P-000205,PRG-003,3.0,2.0,2026-01-15,2026-01-20,,,,,,,Boston,user205@example.org,0.6666666666666666,
P-000206,PRG-001,4.0,2.0,2026-01-15,2026-01-30,,,,,,,New York,user206@example.org,0.5,
P-000206,PRG-002,1.0,1.0,2026-01-20,2026-01-20,,,,,,,New York,user206@example.org,1.0,
P-000206,PRG-003,1.0,0.0,2026-01-25,2026-01-25,,,,,,,New York,user206@example.org,0.0,
P-000207,PRG-001,3.0,2.0,2026-01-20,2026-01-30,1.5,7.5,2.0,2026-02-03,51.1,48.5,New York,user207@example.org,0.6666666666666666,-2.6000000000000014
P-000207,PRG-002,1.0,0.0,2026-01-20,2026-01-20,3.5,2.5,2.0,2026-02-07,48.6,35.3,Chicago,user207@example.org,0.0,-13.300000000000004
P-000207,PRG-003,1.0,1.0,2026-01-30,2026-01-30,,,,,,,Chicago,user207@example.org,1.0,
P-000208,PRG-001,2.0,1.0,2026-01-15,2026-01-15,4.0,3.0,4.0,2026-02-05,43.8,50.8,Boston,,0.5,7.0
P-000208,PRG-002,,,,,3.0,7.0,1.0,2026-02-03,37.8,65.8,Chicago,,,28.0
P-000208,PRG-003,3.0,1.0,2026-01-20,2026-01-25,,,,,48.2,59.2,New York,,0.3333333333333333,11.0
P-000209,PRG-001,,,,,4.0,3.0,2.0,2026-02-05,,,Chicago,user209@example.org,,
P-000209,PRG-003,1.0,0.0,2026-01-15,2026-01-15,,,,,,,Chicago,user209@example.org,0.0,
P-000210,PRG-001,3.0,2.0,2026-01-25,2026-01-30,5.0,7.0,2.0,2026-02-03,50.4,56.3,Chicago,user210@example.org,0.6666666666666666,5.899999999999999
P-000210,PRG-002,,,,,1.0,3.5,2.0,2026-02-05,,,Chicago,user210@example.org,,
P-000210,PRG-003,1.0,0.0,2026-01-30,2026-01-30,5.0,7.5,1.0,2026-02-03,,,Chicago,user210@example.org,0.0,
P-000211,PRG-001,3.0,1.0,2026-01-15,2026-01-30,,,,,,,New York,user211@example.org,0.3333333333333333,
P-000211,PRG-003,1.0,1.0,2026-01-30,2026-01-30,3.0,6.5,1.0,2026-02-01,,,New York,user211@example.org,1.0,
P-000212,PRG-001,3.0,1.0,2026-01-15,2026-01-30,,,,,44.3,71.2,New York,,0.3333333333333333,26.900000000000006
P-000212,PRG-002,1.0,1.0,2026-01-15,2026-01-15,1.0,10.0,1.0,2026-02-01,38.3,53.8,Boston,,1.0,15.5
P-000212,PRG-003,2.0,1.0,2026-01-15,2026-01-20,,,,,53.9,,Boston,,0.5,
P-000213,PRG-001,1.0,1.0,2026-01-25,2026-01-25,3.0,6.0,1.0,2026-02-03,,,Chicago,user213@example.org,1.0,
P-000213,PRG-002,1.0,0.0,2026-01-30,2026-01-30,1.0,10.0,1.0,2026-02-05,,,Chicago,user213@example.org,0.0,
P-000213,PRG-003,2.0,0.0,2026-01-15,2026-01-25,,,,,,,Chicago,user213@example.org,0.0,
P-000214,PRG-001,2.0,2.0,2026-01-15,2026-01-20,,,,,,,New York,user214@example.org,1.0,
P-000214,PRG-002,1.0,1.0,2026-01-30,2026-01-30,,,,,,,New York,user214@example.org,1.0,
P-000214,PRG-003,1.0,1.0,2026-01-25,2026-01-25,,,,,,,New York,user214@example.org,1.0,
P-000215,PRG-001,2.0,1.0,2026-01-20,2026-01-30,2.0,5.0,3.0,2026-02-03,,,New York,user215@example.org,0.5,
P-000215,PRG-002,1.0,1.0,2026-01-20,2026-01-20,1.0,10.0,1.0,2026-02-03,51.1,48.2,New York,user215@example.org,1.0,-2.8999999999999986
P-000215,PRG-003,3.0,1.0,2026-01-15,2026-01-20,4.0,3.0,1.0,2026-02-07,,,New York,user215@example.org,0.3333333333333333,
P-000216,PRG-002,,,,,4.0,5.666666666666667,3.0,2026-02-07,46.9,59.4,Chicago,user216@example.org,,12.5
P-000216,PRG-003,1.0,1.0,2026-01-25,2026-01-25,,,,,58.7,53.8,Boston,user216@example.org,1.0,-4.900000000000006
P-000217,PRG-001,,,,,1.0,1.0,1.0,2026-02-07,,,,,,
P-000217,PRG-002,1.0,0.0,2026-01-20,2026-01-20,5.0,5.0,1.0,2026-02-05,,,,,0.0,
P-000217,PRG-003,2.0,2.0,2026-01-15,2026-01-25,1.0,1.0,0.0,,48.2,66.4,New York,,1.0,18.200000000000003
P-000218,PRG-001,3.0,1.0,2026-01-20,2026-01-30,3.0,8.5,1.0,2026-02-05,,,Chicago,user218@example.org,0.3333333333333333,
P-000218,PRG-002,2.0,1.0,2026-01-25,2026-01-25,3.0,4.0,1.0,2026-02-07,,,Chicago,user218@example.org,0.5,
P-000218,PRG-003,1.0,1.0,2026-01-15,2026-01-15,,,,,67.4,60.1,Chicago,user218@example.org,1.0,-7.300000000000004
P-000219,PRG-001,5.0,2.0,2026-01-20,2026-01-30,4.0,2.0,1.0,2026-02-05,,,,,0.4,
P-000219,PRG-003,1.0,0.0,2026-01-30,2026-01-30,4.0,6.0,1.0,2026-02-01,,,,,0.0,
P-000220,PRG-001,1.0,1.0,2026-01-25,2026-01-25,,,,,42.8,60.8,Boston,user220@example.org,1.0,18.0
P-000220,PRG-002,,,,,5.0,4.0,1.0,2026-02-01,,,New York,user220@example.org,,
P-000220,PRG-003,2.0,1.0,2026-01-15,2026-01-20,4.0,10.0,1.0,2026-02-03,,,New York,user220@example.org,0.5,
P-000221,PRG-001,1.0,1.0,2026-01-20,2026-01-20,3.0,6.0,2.0,2026-02-03,35.9,49.8,Boston,user221@example.org,1.0,13.899999999999999
P-000221,PRG-002,,,,,2.0,8.0,1.0,2026-02-01,,,Chicago,user221@example.org,,
P-000221,PRG-003,2.0,0.0,2026-01-20,2026-01-25,,,,,,,Chicago,user221@example.org,0.0,
P-000222,PRG-002,2.0,2.0,2026-01-15,2026-01-25,,,,,56.9,,Chicago,user222@example.org,1.0,
P-000222,PRG-003,,,,,4.0,1.0,1.0,2026-02-07,45.4,59.3,Chicago,user222@example.org,,13.899999999999999
P-000223,PRG-001,2.0,2.0,2026-01-20,2026-01-25,3.0,5.0,2.0,2026-02-05,55.7,54.6,New York,user223@example.org,1.0,-1.1000000000000014
P-000223,PRG-002,1.0,1.0,2026-01-30,2026-01-30,,0.0,1.0,2026-02-01,,,New York,user223@example.org,1.0,
P-000223,PRG-003,2.0,0.0,2026-01-20,2026-01-30,5.0,6.0,1.0,2026-02-07,,,New York,user223@example.org,0.0,
P-000224,PRG-001,2.0,2.0,2026-01-15,2026-01-15,4.5,4.5,2.0,2026-02-05,,,Boston,user224@example.org,1.0,
P-000224,PRG-002,1.0,1.0,2026-01-25,2026-01-25,,,,,,,Boston,user224@example.org,1.0,
P-000225,PRG-002,2.0,2.0,2026-01-15,2026-01-30,3.0,4.0,1.0,2026-02-03,45.0,67.8,Chicago,user225@example.org,1.0,22.799999999999997
P-000225,PRG-003,1.0,0.0,2026-01-30,2026-01-30,3.0,1.0,1.0,2026-02-07,51.6,78.4,Chicago,user225@example.org,0.0,26.800000000000004
P-000226,PRG-001,1.0,1.0,2026-01-20,2026-01-20,,,,,,,,,1.0,
P-000226,PRG-002,1.0,0.0,2026-01-30,2026-01-30,3.0,5.5,2.0,2026-02-05,53.6,67.3,Chicago,,0.0,13.699999999999996
P-000226,PRG-003,1.0,1.0,2026-01-30,2026-01-30,,,,,40.7,77.5,Boston,,1.0,36.8
P-000227,PRG-001,,,,,2.2,6.8,3.0,2026-02-07,,,Boston,user227@example.org,,
P-000227,PRG-002,3.0,2.0,2026-01-15,2026-01-25,,,,,,,Boston,user227@example.org,0.6666666666666666,
P-000227,PRG-003,2.0,2.0,2026-01-25,2026-01-30,2.5,5.0,2.0,2026-02-07,37.3,53.3,Chicago,user227@example.org,1.0,16.0
P-000228,PRG-001,,,,,4.0,1.0,1.0,2026-02-05,,,,,,
P-000228,PRG-002,2.0,1.0,2026-01-15,2026-01-30,3.0,9.0,1.0,2026-02-05,52.5,36.7,Chicago,,0.5,-15.799999999999997
P-000228,PRG-003,,,,,4.0,5.0,1.0,2026-02-01,,,,,,
P-000229,PRG-001,1.0,0.0,2026-01-15,2026-01-15,3.0,6.0,2.0,2026-02-05,,,,,0.0,
P-000229,PRG-002,2.0,1.0,2026-01-25,2026-01-30,5.0,7.0,1.0,2026-02-03,54.6,58.5,Boston,,0.5,3.8999999999999986
P-000229,PRG-003,1.0,1.0,2026-01-25,2026-01-25,5.0,4.0,1.0,2026-02-03,52.6,54.6,Chicago,,1.0,2.0
P-000230,PRG-001,,,,,4.5,1.0,1.0,2026-02-03,,,,user230@example.org,,
P-000230,PRG-002,2.0,2.0,2026-01-20,2026-01-30,3.0,6.0,2.0,2026-02-05,,,,user230@example.org,1.0,
P-000230,PRG-003,1.0,1.0,2026-01-25,2026-01-25,,,,,,,,user230@example.org,1.0,
P-000231,PRG-001,1.0,0.0,2026-01-15,2026-01-15,2.0,5.0,1.0,2026-02-07,33.2,61.2,Boston,user231@example.org,0.0,28.0
P-000231,PRG-002,1.0,1.0,2026-01-30,2026-01-30,5.0,9.0,1.0,2026-02-03,39.9,78.5,New York,user231@example.org,1.0,38.6
P-000231,PRG-003,2.0,1.0,2026-01-25,2026-01-30,,,,,60.1,68.4,Chicago,user231@example.org,0.5,8.300000000000004
P-000232,PRG-001,,,,,2.0,0.0,1.0,2026-02-05,,,Boston,,,
P-000232,PRG-002,1.0,1.0,2026-01-20,2026-01-20,,,,,57.8,60.1,Boston,,1.0,2.3000000000000043
P-000232,PRG-003,1.0,0.0,2026-01-25,2026-01-25,,,,,,,Boston,,0.0,
P-000233,PRG-001,2.0,1.0,2026-01-25,2026-01-30,,,,,70.8,49.4,New York,user233@example.org,0.5,-21.4
P-000233,PRG-002,2.0,2.0,2026-01-15,2026-01-30,,5.0,1.0,2026-02-05,63.1,60.0,Boston,user233@example.org,1.0,-3.1000000000000014
P-000233,PRG-003,1.0,1.0,2026-01-15,2026-01-15,,,,,,,Boston,user233@example.org,1.0,
P-000234,PRG-001,,,,,5.0,3.0,0.0,,,,Chicago,user234@example.org,,
P-000234,PRG-002,1.0,0.0,2026-01-15,2026-01-15,,,,,,,Chicago,user234@example.org,0.0,
P-000234,PRG-003,2.0,0.0,2026-01-25,2026-01-30,4.0,5.0,1.0,2026-02-01,,,Chicago,user234@example.org,0.0,
P-000235,PRG-001,2.0,1.0,2026-01-15,2026-01-20,3.0,9.0,1.0,2026-02-07,47.1,54.4,New York,user235@example.org,0.5,7.299999999999997
P-000235,PRG-002,2.0,0.0,2026-01-15,2026-01-30,,,,,,,New York,user235@example.org,0.0,
P-000235,PRG-003,4.0,1.0,2026-01-15,2026-01-30,,,,,,,New York,user235@example.org,0.25,
P-000236,PRG-001,,,,,2.0,7.0,2.0,2026-02-07,35.9,67.8,New York,user236@example.org,,31.9
P-000236,PRG-002,1.0,1.0,2026-01-25,2026-01-25,,,,,,,Boston,user236@example.org,1.0,
P-000236,PRG-003,2.0,1.0,2026-01-20,2026-01-25,,,,,,,Boston,user236@example.org,0.5,
P-000237,PRG-001,1.0,1.0,2026-01-20,2026-01-20,5.0,9.0,1.0,2026-02-03,,,,,1.0,
P-000237,PRG-003,2.0,2.0,2026-01-15,2026-01-30,2.0,3.0,1.0,2026-02-05,,,,,1.0,
P-000238,PRG-001,2.0,0.0,2026-01-20,2026-01-25,4.0,6.5,1.0,2026-02-07,,,Boston,user238@example.org,0.0,
P-000238,PRG-002,1.0,1.0,2026-01-20,2026-01-20,3.0,5.0,1.0,2026-02-05,,,Boston,user238@example.org,1.0,
P-000238,PRG-003,,,,,4.5,3.5,2.0,2026-02-05,,,Boston,user238@example.org,,
P-000239,PRG-001,1.0,1.0,2026-01-30,2026-01-30,,,,,,,Chicago,,1.0,
P-000239,PRG-002,3.0,2.0,2026-01-15,2026-01-25,1.0,4.0,1.0,2026-02-01,49.8,42.5,Boston,,0.6666666666666666,-7.299999999999997
P-000239,PRG-003,3.0,3.0,2026-01-15,2026-01-30,,,,,35.9,67.8,New York,,1.0,31.9
P-000240,PRG-001,2.0,1.0,2026-01-15,2026-01-15,5.0,4.0,1.0,2026-02-03,46.0,73.4,New York,user240@example.org,0.5,27.400000000000006
P-000240,PRG-002,1.0,0.0,2026-01-30,2026-01-30,,,,,,,Boston,user240@example.org,0.0,
P-000240,PRG-003,3.0,3.0,2026-01-25,2026-01-30,2.0,2.0,1.0,2026-02-03,,,Boston,user240@example.org,1.0,
P-000241,PRG-001,,,,,1.0,6.0,1.0,2026-02-01,,,,user241@example.org,,
P-000241,PRG-002,2.0,1.0,2026-01-25,2026-01-25,,,,,,,,user241@example.org,0.5,
P-000241,PRG-003,2.0,1.0,2026-01-15,2026-01-25,,,,,,,,user241@example.org,0.5,
P-000242,PRG-001,2.0,1.0,2026-01-20,2026-01-25,2.0,10.0,1.0,2026-02-03,,,New York,user242@example.org,0.5,
P-000242,PRG-002,1.0,1.0,2026-01-30,2026-01-30,1.0,8.0,1.0,2026-02-05,,,New York,user242@example.org,1.0,
P-000242,PRG-003,3.0,1.0,2026-01-25,2026-01-30,,,,,,,New York,user242@example.org,0.3333333333333333,
P-000243,PRG-001,2.0,1.0,2026-01-25,2026-01-25,2.5,1.3333333333333333,3.0,2026-02-05,,,Chicago,user243@example.org,0.5,
P-000243,PRG-002,2.0,2.0,2026-01-15,2026-01-15,4.333333333333333,6.75,3.0,2026-02-07,,,Chicago,user243@example.org,1.0,
P-000244,PRG-001,,,,,2.0,6.0,2.0,2026-02-01,,,Chicago,,,
P-000244,PRG-002,3.0,2.0,2026-01-15,2026-01-30,4.0,2.0,1.0,2026-02-05,,,Chicago,,0.6666666666666666,
P-000244,PRG-003,,,,,3.0,8.0,1.0,2026-02-05,,,Chicago,,,
P-000245,PRG-002,1.0,1.0,2026-01-30,2026-01-30,,,,,,,,,1.0,
P-000245,PRG-003,2.0,0.0,2026-01-20,2026-01-20,,,,,50.9,57.3,New York,,0.0,6.399999999999999
P-000246,PRG-001,,,,,3.0,9.0,1.0,2026-02-01,66.8,53.6,New York,user246@example.org,,-13.199999999999996
P-000246,PRG-002,2.0,0.0,2026-01-25,2026-01-30,,,,,,,New York,user246@example.org,0.0,
P-000246,PRG-003,2.0,1.0,2026-01-20,2026-01-25,,,,,45.5,44.2,Chicago,user246@example.org,0.5,-1.2999999999999972
P-000247,PRG-001,3.0,1.0,2026-01-15,2026-01-30,4.0,10.0,0.0,,,,New York,user247@example.org,0.3333333333333333,
P-000248,PRG-001,4.0,1.0,2026-01-15,2026-01-30,2.5,5.0,2.0,2026-02-05,,,Chicago,user248@example.org,0.25,
P-000248,PRG-002,1.0,1.0,2026-01-20,2026-01-20,2.0,7.0,2.0,2026-02-05,,,Chicago,user248@example.org,1.0,
P-000248,PRG-003,1.0,0.0,2026-01-15,2026-01-15,,,,,,,Chicago,user248@example.org,0.0,
P-000249,PRG-001,1.0,0.0,2026-01-30,2026-01-30,4.0,10.0,1.0,2026-02-05,,,New York,user249@example.org,0.0,
P-000249,PRG-003,2.0,1.0,2026-01-20,2026-01-30,,,,,,,New York,user249@example.org,0.5,
P-000250,PRG-001,1.0,0.0,2026-01-30,2026-01-30,1.0,1.0,1.0,2026-02-01,,,New York,user250@example.org,0.0,
P-000250,PRG-002,2.0,0.0,2026-01-15,2026-01-25,3.5,1.5,2.0,2026-02-07,,,New York,user250@example.org,0.0,
P-000251,PRG-001,3.0,1.0,2026-01-15,2026-01-25,,,,,45.4,44.7,New York,user251@example.org,0.3333333333333333,-0.6999999999999957
P-000251,PRG-002,2.0,1.0,2026-01-20,2026-01-25,4.0,9.0,1.0,2026-02-07,,,New York,user251@example.org,0.5,
P-000251,PRG-003,4.0,3.0,2026-01-15,2026-01-30,,,,,65.9,52.4,Chicago,user251@example.org,0.75,-13.500000000000007
P-000252,PRG-001,,,,,1.5,7.5,2.0,2026-02-05,,,Boston,user252@example.org,,
P-000252,PRG-002,,,,,2.0,0.0,1.0,2026-02-05,45.8,73.7,Boston,user252@example.org,,27.900000000000006
P-000252,PRG-003,1.0,1.0,2026-01-25,2026-01-25,5.0,7.0,0.0,,57.4,,Boston,user252@example.org,1.0,
P-000253,PRG-001,2.0,1.0,2026-01-20,2026-01-30,2.0,0.0,1.0,2026-02-01,,,New York,user253@example.org,0.5,
P-000253,PRG-002,,,,,4.0,6.0,2.0,2026-02-07,,,New York,user253@example.org,,
P-000254,PRG-001,2.0,0.0,2026-01-25,2026-01-30,2.0,6.0,1.0,2026-02-01,,,,,0.0,
P-000254,PRG-002,2.0,2.0,2026-01-15,2026-01-30,,,,,56.5,36.2,New York,,1.0,-20.299999999999997
P-000254,PRG-003,1.0,1.0,2026-01-30,2026-01-30,,,,,,,,,1.0,
P-000255,PRG-001,1.0,0.0,2026-01-15,2026-01-15,,1.0,1.0,2026-02-01,,,Chicago,user255@example.org,0.0,
P-000255,PRG-002,2.0,1.0,2026-01-20,2026-01-30,2.0,8.0,1.0,2026-02-01,,,Chicago,user255@example.org,0.5,
P-000255,PRG-003,1.0,1.0,2026-01-15,2026-01-15,,,,,,,Chicago,user255@example.org,1.0,
P-000256,PRG-001,2.0,2.0,2026-01-20,2026-01-20,4.0,6.0,2.0,2026-02-05,,,,,1.0,
P-000256,PRG-002,1.0,1.0,2026-01-15,2026-01-15,4.0,9.0,1.0,2026-02-03,,,,,1.0,
P-000256,PRG-003,1.0,1.0,2026-01-30,2026-01-30,4.0,1.0,1.0,2026-02-05,,,,,1.0,
P-000257,PRG-001,,,,,5.0,9.0,1.0,2026-02-03,,,Boston,user257@example.org,,
P-000258,PRG-001,2.0,2.0,2026-01-20,2026-01-30,1.0,7.0,1.0,2026-02-01,,,Boston,user258@example.org,1.0,
P-000258,PRG-002,,,,,3.0,4.0,1.0,2026-02-01,,,Boston,user258@example.org,,
P-000259,PRG-001,3.0,1.0,2026-01-15,2026-01-30,1.5,8.0,2.0,2026-02-07,,,Chicago,user259@example.org,0.3333333333333333,
P-000259,PRG-002,1.0,1.0,2026-01-25,2026-01-25,,,,,54.0,56.5,New York,user259@example.org,1.0,2.5
P-000259,PRG-003,2.0,2.0,2026-01-15,2026-01-25,4.0,3.0,0.0,,51.0,57.6,Boston,user259@example.org,1.0,6.600000000000001
P-000260,PRG-001,1.0,0.0,2026-01-15,2026-01-15,3.0,7.5,2.0,2026-02-03,,,,,0.0,
P-000260,PRG-002,1.0,0.0,2026-01-30,2026-01-30,,,,,,,,,0.0,
P-000260,PRG-003,1.0,0.0,2026-01-15,2026-01-15,,,,,,,,,0.0,
P-000261,PRG-001,2.0,1.0,2026-01-20,2026-01-25,,,,,43.9,57.3,New York,,0.5,13.399999999999999
P-000261,PRG-002,,,,,3.0,5.0,2.0,2026-02-07,,,,,,
P-000261,PRG-003,3.0,1.0,2026-01-15,2026-01-25,5.0,3.0,1.0,2026-02-07,37.4,31.7,New York,,0.3333333333333333,-5.699999999999999
P-000262,PRG-001,2.0,2.0,2026-01-15,2026-01-30,1.0,4.0,1.0,2026-02-05,,,,,1.0,
P-000262,PRG-002,4.0,4.0,2026-01-15,2026-01-20,4.0,9.0,0.0,,57.1,52.3,Chicago,,1.0,-4.800000000000004
P-000262,PRG-003,,,,,,8.0,0.0,,75.7,60.8,New York,,,-14.900000000000006
P-000263,PRG-001,2.0,2.0,2026-01-15,2026-01-30,4.0,4.0,1.0,2026-02-07,27.9,,Boston,,1.0,
P-000263,PRG-002,3.0,1.0,2026-01-20,2026-01-30,3.0,9.0,1.0,2026-02-03,40.2,53.1,New York,,0.3333333333333333,12.899999999999999
P-000263,PRG-003,3.0,1.0,2026-01-25,2026-01-30,,,,,,,,,0.3333333333333333,
P-000264,PRG-001,1.0,0.0,2026-01-20,2026-01-20,1.0,3.0,1.0,2026-02-01,47.3,55.6,Chicago,,0.0,8.300000000000004
P-000264,PRG-002,2.0,2.0,2026-01-20,2026-01-25,2.5,3.5,1.0,2026-02-01,52.0,65.4,New York,,1.0,13.400000000000006
P-000264,PRG-003,1.0,1.0,2026-01-15,2026-01-15,5.0,10.0,0.0,,49.5,41.7,Boston,,1.0,-7.799999999999997
P-000265,PRG-001,2.0,1.0,2026-01-25,2026-01-30,4.0,5.0,2.0,2026-02-05,,,,,0.5,
P-000265,PRG-002,1.0,1.0,2026-01-15,2026-01-15,,,,,,,,,1.0,
P-000265,PRG-003,1.0,1.0,2026-01-15,2026-01-15,,,,,41.8,56.9,,,1.0,15.100000000000001
P-000266,PRG-001,2.0,2.0,2026-01-25,2026-01-30,,,,,,,,,1.0,
P-000266,PRG-002,1.0,1.0,2026-01-25,2026-01-25,1.0,4.0,1.0,2026-02-07,,,,,1.0,
P-000266,PRG-003,2.0,1.0,2026-01-20,2026-01-25,,,,,,,,,0.5,
P-000267,PRG-002,3.0,0.0,2026-01-15,2026-01-30,2.0,5.0,1.0,2026-02-01,79.6,53.0,New York,,0.0,-26.599999999999994
P-000268,PRG-001,1.0,1.0,2026-01-30,2026-01-30,,0.0,1.0,2026-02-03,,,,,1.0,
P-000268,PRG-002,2.0,1.0,2026-01-15,2026-01-15,1.0,8.0,1.0,2026-02-03,,,,,0.5,
P-000268,PRG-003,2.0,2.0,2026-01-30,2026-01-30,,,,,,,,,1.0,
P-000269,PRG-001,2.0,2.0,2026-01-15,2026-01-25,4.5,4.5,2.0,2026-02-03,,,,,1.0,
P-000269,PRG-002,2.0,1.0,2026-01-20,2026-01-25,,,,,,,,,0.5,
P-000269,PRG-003,1.0,1.0,2026-01-20,2026-01-20,,,,,,,,,1.0,
P-000270,PRG-001,1.0,1.0,2026-01-30,2026-01-30,5.0,10.0,1.0,2026-02-01,58.8,60.1,Chicago,,1.0,1.3000000000000043
P-000271,PRG-001,4.0,1.0,2026-01-20,2026-01-30,,,,,,,,,0.25,
P-000271,PRG-002,1.0,0.0,2026-01-15,2026-01-15,5.0,7.0,0.0,,,,,,0.0,
P-000271,PRG-003,2.0,1.0,2026-01-15,2026-01-25,,,,,34.6,57.7,,,0.5,23.1
P-000272,PRG-002,1.0,0.0,2026-01-15,2026-01-15,2.5,5.5,2.0,2026-02-05,,,,,0.0,
P-000272,PRG-003,1.0,0.0,2026-01-20,2026-01-20,4.5,3.5,2.0,2026-02-05,,,,,0.0,
P-000273,PRG-001,,,,,3.5,8.5,1.0,2026-02-01,,,,,,
P-000273,PRG-002,2.0,1.0,2026-01-25,2026-01-30,,,,,34.3,63.9,Boston,,0.5,29.6
P-000273,PRG-003,2.0,2.0,2026-01-15,2026-01-25,,,,,,,,,1.0,
P-000274,PRG-001,,,,,5.0,9.0,1.0,2026-02-03,,,,,,
P-000274,PRG-003,1.0,0.0,2026-01-20,2026-01-20,,,,,29.3,64.2,New York,,0.0,34.900000000000006
P-000275,PRG-001,1.0,1.0,2026-01-15,2026-01-15,4.0,3.0,1.0,2026-02-03,,,,,1.0,
P-000275,PRG-003,1.0,1.0,2026-01-20,2026-01-20,2.0,3.0,1.0,2026-02-01,,,,,1.0,
P-000276,PRG-001,1.0,0.0,2026-01-25,2026-01-25,4.0,5.0,1.0,2026-02-07,42.8,67.4,Boston,,0.0,24.60000000000001
P-000276,PRG-002,2.0,0.0,2026-01-15,2026-01-20,4.0,6.0,1.0,2026-02-07,,,,,0.0,
P-000276,PRG-003,1.0,1.0,2026-01-30,2026-01-30,,,,,,,,,1.0,
P-000277,PRG-001,,,,,3.0,7.0,1.0,2026-02-05,42.3,60.7,New York,,,18.400000000000006
P-000277,PRG-002,2.0,1.0,2026-01-15,2026-01-30,3.0,2.0,1.0,2026-02-03,,,,,0.5,
P-000278,PRG-001,1.0,0.0,2026-01-20,2026-01-20,,,,,,,,,0.0,
P-000278,PRG-002,4.0,4.0,2026-01-15,2026-01-25,4.0,10.0,1.0,2026-02-07,,,,,1.0,
P-000278,PRG-003,,,,,5.0,5.0,1.0,2026-02-07,58.1,63.5,Chicago,,,5.399999999999999
P-000279,PRG-001,2.0,1.0,2026-01-15,2026-01-25,,,,,49.8,62.8,New York,,0.5,13.0
P-000279,PRG-002,1.0,1.0,2026-01-20,2026-01-20,4.5,5.0,2.0,2026-02-07,41.9,39.6,,,1.0,-2.299999999999997
P-000280,PRG-001,3.0,1.0,2026-01-20,2026-01-30,3.0,6.5,2.0,2026-02-05,26.0,55.5,Chicago,,0.3333333333333333,29.5
P-000280,PRG-002,,,,,3.0,2.0,2.0,2026-02-03,,,,,,
P-000280,PRG-003,1.0,1.0,2026-01-20,2026-01-20,1.0,10.0,1.0,2026-02-03,,,,,1.0,
P-000281,PRG-001,3.0,1.0,2026-01-15,2026-01-30,1.0,1.0,1.0,2026-02-05,,,,,0.3333333333333333,
P-000281,PRG-002,2.0,1.0,2026-01-20,2026-01-25,,,,,,,,,0.5,
P-000281,PRG-003,1.0,0.0,2026-01-30,2026-01-30,,,,,,,,,0.0,
P-000282,PRG-001,4.0,2.0,2026-01-15,2026-01-25,2.0,1.5,2.0,2026-02-05,54.1,40.0,New York,,0.5,-14.100000000000001
P-000282,PRG-002,2.0,1.0,2026-01-15,2026-01-30,1.0,9.0,1.0,2026-02-01,47.7,54.0,Boston,,0.5,6.299999999999997
P-000282,PRG-003,1.0,0.0,2026-01-20,2026-01-20,,,,,,,,,0.0,
P-000283,PRG-001,1.0,0.0,2026-01-15,2026-01-15,,,,,,,,,0.0,
P-000283,PRG-002,1.0,1.0,2026-01-20,2026-01-20,5.0,2.0,1.0,2026-02-03,,,,,1.0,
P-000283,PRG-003,3.0,2.0,2026-01-20,2026-01-30,,,,,,,,,0.6666666666666666,
P-000284,PRG-001,2.0,0.0,2026-01-25,2026-01-30,2.0,5.0,1.0,2026-02-03,38.7,61.5,Chicago,,0.0,22.799999999999997
P-000284,PRG-002,2.0,1.0,2026-01-15,2026-01-15,,,,,,,,,0.5,
P-000285,PRG-002,1.0,1.0,2026-01-15,2026-01-15,,,,,,,,,1.0,
P-000285,PRG-003,2.0,2.0,2026-01-20,2026-01-25,,,,,,,,,1.0,
P-000286,PRG-002,1.0,0.0,2026-01-25,2026-01-25,,,,,,,,,0.0,
P-000286,PRG-003,1.0,0.0,2026-01-25,2026-01-25,,,,,,,,,0.0,
P-000287,PRG-001,1.0,1.0,2026-01-20,2026-01-20,4.0,1.0,2.0,2026-02-05,,,,,1.0,
P-000287,PRG-003,3.0,2.0,2026-01-20,2026-01-30,,,,,,,,,0.6666666666666666,
P-000288,PRG-001,1.0,0.0,2026-01-15,2026-01-15,5.0,1.0,1.0,2026-02-01,,,,,0.0,
P-000288,PRG-002,2.0,2.0,2026-01-25,2026-01-30,2.0,0.0,1.0,2026-02-05,44.7,37.3,Boston,,1.0,-7.400000000000006
P-000289,PRG-002,2.0,1.0,2026-01-25,2026-01-25,,,,,,,,,0.5,
P-000289,PRG-003,1.0,1.0,2026-01-15,2026-01-15,,,,,62.9,57.3,,,1.0,-5.600000000000001
P-000290,PRG-001,2.0,1.0,2026-01-15,2026-01-20,1.0,2.0,0.0,,44.9,63.1,Chicago,,0.5,18.200000000000003
P-000290,PRG-002,1.0,1.0,2026-01-15,2026-01-15,,,,,57.6,52.0,Boston,,1.0,-5.600000000000001
P-000290,PRG-003,1.0,1.0,2026-01-20,2026-01-20,,,,,,,,,1.0,
P-000291,PRG-001,2.0,1.0,2026-01-15,2026-01-15,1.0,4.0,2.0,2026-02-03,,,,,0.5,
P-000291,PRG-002,1.0,1.0,2026-01-20,2026-01-20,,,,,,,,,1.0,
P-000292,PRG-001,2.0,2.0,2026-01-15,2026-01-25,4.0,10.0,2.0,2026-02-07,42.3,64.4,New York,,1.0,22.10000000000001
P-000292,PRG-002,4.0,2.0,2026-01-15,2026-01-30,3.25,7.25,4.0,2026-02-05,,,,,0.5,
P-000292,PRG-003,1.0,1.0,2026-01-30,2026-01-30,,,,,,,,,1.0,
P-000293,PRG-001,1.0,1.0,2026-01-30,2026-01-30,2.0,8.0,1.0,2026-02-03,57.6,52.1,New York,,1.0,-5.5
P-000293,PRG-002,,,,,1.0,3.0,2.0,2026-02-05,,,,,,
P-000293,PRG-003,1.0,0.0,2026-01-25,2026-01-25,,,,,48.7,58.6,Chicago,,0.0,9.899999999999999
P-000294,PRG-001,,,,,3.0,2.0,1.0,2026-02-05,,,,,,
P-000294,PRG-002,1.0,1.0,2026-01-20,2026-01-20,1.5,4.5,2.0,2026-02-05,43.4,66.0,Boston,,1.0,22.6
P-000295,PRG-001,1.0,0.0,2026-01-25,2026-01-25,2.0,2.3333333333333335,2.0,2026-02-03,,,,,0.0,
P-000295,PRG-002,2.0,0.0,2026-01-25,2026-01-30,2.0,0.0,1.0,2026-02-01,,,,,0.0,
P-000296,PRG-001,2.0,0.0,2026-01-15,2026-01-30,,,,,,,,,0.0,
P-000296,PRG-002,,,,,3.0,3.0,1.0,2026-02-05,,,,,,
P-000296,PRG-003,1.0,1.0,2026-01-15,2026-01-15,,,,,57.5,55.9,New York,,1.0,-1.6000000000000014
P-000297,PRG-001,2.0,0.0,2026-01-20,2026-01-20,2.6666666666666665,5.666666666666667,2.0,2026-02-03,39.7,,New York,,0.0,
P-000297,PRG-002,1.0,1.0,2026-01-15,2026-01-15,,,,,,,,,1.0,
P-000297,PRG-003,1.0,0.0,2026-01-25,2026-01-25,3.5,3.5,2.0,2026-02-05,55.7,72.2,New York,,0.0,16.5
P-000298,PRG-001,4.0,2.0,2026-01-15,2026-01-25,4.0,5.0,1.0,2026-02-01,54.7,60.3,Chicago,,0.5,5.599999999999994
P-000298,PRG-002,,,,,1.0,2.0,1.0,2026-02-05,,,,,,
P-000298,PRG-003,2.0,2.0,2026-01-15,2026-01-20,,,,,58.8,,,,1.0,
P-000299,PRG-001,1.0,1.0,2026-01-20,2026-01-20,3.0,10.0,1.0,2026-02-05,,,,,1.0,
P-000299,PRG-002,,,,,2.0,7.0,1.0,2026-02-05,,,,,,
P-000299,PRG-003,1.0,1.0,2026-01-30,2026-01-30,,,,,,,,,1.0,
P-000300,PRG-001,,,,,2.0,9.0,1.0,2026-02-07,,,,,,
P-000300,PRG-002,1.0,1.0,2026-01-15,2026-01-15,,,,,,,,,1.0,
P-000300,PRG-003,,,,,2.0,3.3333333333333335,3.0,2026-02-07,52.3,61.7,Boston,,,9.400000000000006
P-000301,PRG-002,2.0,1.0,2026-01-15,2026-01-20,,,,,46.3,74.9,New York,,0.5,28.60000000000001
P-000301,PRG-003,,,,,3.0,6.0,1.0,2026-02-01,45.6,53.3,Boston,,,7.699999999999996
P-000302,PRG-001,2.0,1.0,2026-01-15,2026-01-25,3.0,7.5,2.0,2026-02-05,49.2,51.5,Boston,,0.5,2.299999999999997
P-000302,PRG-002,1.0,0.0,2026-01-30,2026-01-30,3.0,10.0,1.0,2026-02-05,48.2,71.1,New York,,0.0,22.89999999999999
P-000303,PRG-002,1.0,1.0,2026-01-20,2026-01-20,2.0,2.5,2.0,2026-02-05,,,,,1.0,
P-000304,PRG-001,2.0,1.0,2026-01-20,2026-01-25,3.0,10.0,1.0,2026-02-01,37.0,51.1,Chicago,,0.5,14.100000000000001
P-000304,PRG-002,2.0,2.0,2026-01-25,2026-01-25,,,,,,,,,1.0,
P-000304,PRG-003,1.0,1.0,2026-01-25,2026-01-25,,,,,,,,,1.0,
P-000305,PRG-001,2.0,2.0,2026-01-15,2026-01-30,5.0,6.0,1.0,2026-02-01,,,,,1.0,
P-000305,PRG-002,1.0,1.0,2026-01-25,2026-01-25,1.0,2.0,1.0,2026-02-01,,,,,1.0,
P-000305,PRG-003,,,,,5.0,6.0,1.0,2026-02-07,,,,,,
P-000306,PRG-002,1.0,1.0,2026-01-20,2026-01-20,4.0,7.0,2.0,2026-02-07,33.1,61.1,New York,,1.0,28.0
P-000307,PRG-001,3.0,1.0,2026-01-15,2026-01-30,2.5,5.0,2.0,2026-02-05,40.5,49.3,New York,,0.3333333333333333,8.799999999999997
P-000307,PRG-002,6.0,4.0,2026-01-15,2026-01-30,,,,,,,,,0.6666666666666666,
P-000307,PRG-003,2.0,1.0,2026-01-20,2026-01-30,,,,,,,,,0.5,
P-000308,PRG-001,2.0,1.0,2026-01-20,2026-01-30,2.0,3.0,1.0,2026-02-03,,,,,0.5,
P-000308,PRG-002,1.0,1.0,2026-01-30,2026-01-30,4.0,7.0,2.0,2026-02-03,43.8,54.4,Chicago,,1.0,10.600000000000001
P-000308,PRG-003,2.0,2.0,2026-01-20,2026-01-30,3.0,6.0,1.0,2026-02-05,,,,,1.0,
P-000309,PRG-001,,,,,3.0,6.0,1.0,2026-02-01,,,,,,
P-000309,PRG-002,2.0,1.0,2026-01-20,2026-01-30,,,,,,,,,0.5,
P-000309,PRG-003,1.0,0.0,2026-01-25,2026-01-25,,,,,,,,,0.0,
P-000310,PRG-001,1.0,0.0,2026-01-30,2026-01-30,2.0,3.0,2.0,2026-02-05,38.6,37.8,Boston,,0.0,-0.8000000000000043
P-000310,PRG-002,2.0,2.0,2026-01-25,2026-01-25,5.0,1.0,0.0,,,,,,1.0,
P-000310,PRG-003,1.0,1.0,2026-01-15,2026-01-15,,,,,51.0,61.0,New York,,1.0,10.0
P-000311,PRG-001,1.0,1.0,2026-01-25,2026-01-25,,,,,42.6,55.1,New York,,1.0,12.5
P-000311,PRG-002,1.0,1.0,2026-01-20,2026-01-20,,,,,,,,,1.0,
P-000311,PRG-003,1.0,0.0,2026-01-15,2026-01-15,,,,,,,,,0.0,
P-000312,PRG-001,,,,,3.5,9.0,2.0,2026-02-07,62.0,70.7,Boston,,,8.700000000000003
P-000313,PRG-001,1.0,0.0,2026-01-15,2026-01-15,2.0,8.5,2.0,2026-02-05,,,,,0.0,
P-000313,PRG-002,1.0,1.0,2026-01-30,2026-01-30,2.0,3.0,1.0,2026-02-03,,,,,1.0,
P-000313,PRG-003,1.0,1.0,2026-01-20,2026-01-20,,,,,54.7,52.4,New York,,1.0,-2.3000000000000043
P-000314,PRG-001,1.0,0.0,2026-01-20,2026-01-20,,,,,35.7,61.4,Chicago,,0.0,25.699999999999996
P-000314,PRG-002,2.0,1.0,2026-01-20,2026-01-30,4.0,10.0,2.0,2026-02-05,,,,,0.5,
P-000314,PRG-003,3.0,3.0,2026-01-20,2026-01-25,,,,,,,,,1.0,
P-000315,PRG-001,,,,,2.6666666666666665,5.0,3.0,2026-02-07,,,,,,
P-000315,PRG-002,1.0,1.0,2026-01-20,2026-01-20,4.0,7.0,1.0,2026-02-07,,,,,1.0,
P-000316,PRG-001,1.0,0.0,2026-01-30,2026-01-30,4.0,6.0,1.0,2026-02-07,,,,,0.0,
P-000317,PRG-001,1.0,0.0,2026-01-20,2026-01-20,5.0,6.0,1.0,2026-02-03,49.6,58.2,New York,,0.0,8.600000000000001
P-000317,PRG-002,1.0,1.0,2026-01-20,2026-01-20,,,,,38.8,73.1,Chicago,,1.0,34.3
P-000317,PRG-003,2.0,0.0,2026-01-20,2026-01-25,5.0,1.0,1.0,2026-02-03,,,,,0.0,
P-000318,PRG-002,4.0,4.0,2026-01-25,2026-01-30,,,,,,,,,1.0,
P-000318,PRG-003,1.0,1.0,2026-01-30,2026-01-30,4.0,3.0,0.0,,53.9,75.2,Chicago,,1.0,21.300000000000004
P-000319,PRG-001,3.0,2.0,2026-01-20,2026-01-25,1.0,4.0,1.0,2026-02-05,,,,,0.6666666666666666,
P-000319,PRG-002,,,,,3.5,3.5,2.0,2026-02-07,,,,,,
P-000319,PRG-003,2.0,1.0,2026-01-20,2026-01-25,,,,,,,,,0.5,
